score,factor,type,value,association,n
dass_depression,gender,categorical,männlich,0.22255936675461818,40
dass_depression,gender,categorical,weiblich,-0.026260692242431993,339
dass_depression,birthyear,numeric,,-0.06022655196476787,379
dass_depression,weight,numeric,,0.11656956282141491,379
dass_depression,pregnant,categorical,nein,0.027391487568478645,336
dass_depression,highest_degree,categorical,Abitur oder fachgebundene Hochschulreife,-0.46611466639455346,181
dass_depression,highest_degree,categorical,Fachhochschulreife,1.2392260334212848,54
dass_depression,highest_degree,categorical,Hauptschulabschluss,-0.38744063324538214,25
dass_depression,highest_degree,categorical,Mittlerer Schulabschluss (Realschulabschluss),0.24205089217834708,118
dass_depression,family_status,categorical,geschieden,0.5422563364515876,33
dass_depression,family_status,categorical,ledig,-0.2720352278399769,148
dass_depression,family_status,categorical,sonstiger,3.9297022238974755,14
dass_depression,family_status,categorical,verheiratet,-0.15271535852010754,182
dass_depression,current_employed,categorical,ja,-0.5345834903882394,308
dass_depression,current_employed,categorical,nein,2.319038239994055,71
dass_depression,working_hours_model,categorical,Teilzeit,-0.09952380952380935,150
dass_depression,working_hours_model,categorical,Vollzeit,0.09448462929475587,158
dass_depression,shiftwork,categorical,ja,0.0636645962732918,23
dass_depression,shiftwork,categorical,nein,-0.0051378446115286636,285
dass_depression,working_hours_reduced,categorical,False,-0.4931340639023163,274
dass_depression,working_hours_reduced,categorical,True,1.2868450810403322,105
dass_depression,children,numeric,,0.11941405992897512,188
dass_depression,headache_days_per_month,numeric,,0.3404002161254417,379
dass_depression,headache_days_severe_per_month,numeric,,0.2867440742971504,379
dass_depression,days_medication,numeric,,0.1302044388757567,379
dass_depression,intensity,numeric,,0.19475751683631973,379
dass_depression,days_lost_work,numeric,,0.19924457795014963,379
dass_depression,days_lost_household,numeric,,0.3049706441702758,379
dass_depression,days_doctor,numeric,,0.23815178600507697,379
dass_depression,days_ER,binary,,0.08861054245861044,379
dass_depression,days_hospital,numeric,,0.09550451948590137,379
dass_fear,gender,categorical,männlich,-0.3466358839050132,40
dass_fear,gender,categorical,weiblich,0.04090098925132901,339
dass_fear,birthyear,numeric,,-0.004373365107412607,379
dass_fear,weight,numeric,,0.001441865366653478,379
dass_fear,pregnant,categorical,nein,0.014248841129372192,336
dass_fear,highest_degree,categorical,Abitur oder fachgebundene Hochschulreife,-0.4868292540707593,181
dass_fear,highest_degree,categorical,Fachhochschulreife,1.2598455975764686,54
dass_fear,highest_degree,categorical,Hauptschulabschluss,-0.06163588390501307,25
dass_fear,highest_degree,categorical,Mittlerer Schulabschluss (Realschulabschluss),0.1681946245695629,118
dass_fear,family_status,categorical,geschieden,0.9298792676101382,33
dass_fear,family_status,categorical,ledig,0.1297154674463381,148
dass_fear,family_status,categorical,sonstiger,1.5640784018092724,14
dass_fear,family_status,categorical,verheiratet,-0.39746005972918885,182
dass_fear,current_employed,categorical,ja,-0.29955796182709094,308
dass_fear,current_employed,categorical,nein,1.2994908766583668,71
dass_fear,working_hours_model,categorical,Teilzeit,-0.2220779220779221,150
dass_fear,working_hours_model,categorical,Vollzeit,0.21083347032714084,158
dass_fear,shiftwork,categorical,ja,0.556182947487295,23
dass_fear,shiftwork,categorical,nein,-0.04488493962178186,285
dass_fear,working_hours_reduced,categorical,False,-0.3201760298904146,274
dass_fear,working_hours_reduced,categorical,True,0.8355069732378437,105
dass_fear,children,numeric,,0.08455287624521102,188
dass_fear,headache_days_per_month,numeric,,0.2530795768588888,379
dass_fear,headache_days_severe_per_month,numeric,,0.2536732369929488,379
dass_fear,days_medication,numeric,,0.06913760064854221,379
dass_fear,intensity,numeric,,0.18291662975148373,379
dass_fear,days_lost_work,numeric,,0.19341605855089614,379
dass_fear,days_lost_household,numeric,,0.28491803773926233,379
dass_fear,days_doctor,numeric,,0.1217301585328349,379
dass_fear,days_ER,binary,,0.03443753384078222,379
dass_fear,days_hospital,numeric,,0.023522784522773288,379
dass_stress,gender,categorical,männlich,-0.3889182058047487,40
dass_stress,gender,categorical,weiblich,0.045890053782271956,339
dass_stress,birthyear,numeric,,-0.03945418618556042,379
dass_stress,weight,numeric,,0.04377314021890396,379
dass_stress,pregnant,categorical,nein,0.004477454698693428,336
dass_stress,highest_degree,categorical,Abitur oder fachgebundene Hochschulreife,-0.5900231781804397,181
dass_stress,highest_degree,categorical,Fachhochschulreife,2.544415127528585,54
dass_stress,highest_degree,categorical,Hauptschulabschluss,-0.4289182058047487,25
dass_stress,highest_degree,categorical,Mittlerer Schulabschluss (Realschulabschluss),-0.1617995617369523,118
dass_stress,family_status,categorical,geschieden,0.48380906692252346,33
dass_stress,family_status,categorical,ledig,-0.14702631391285692,148
dass_stress,family_status,categorical,sonstiger,1.9253675084809645,14
dass_stress,family_status,categorical,verheiratet,-0.10210501899156199,182
dass_stress,current_employed,categorical,ja,-0.40580132268786606,308
dass_stress,current_employed,categorical,nein,1.760377568843139,71
dass_stress,working_hours_model,categorical,Teilzeit,-0.23645021645021647,150
dass_stress,working_hours_model,categorical,Vollzeit,0.22447805359197748,158
dass_stress,shiftwork,categorical,ja,-0.2526821005081876,23
dass_stress,shiftwork,categorical,nein,0.020391888812941517,285
dass_stress,working_hours_reduced,categorical,False,-0.5772393736879611,274
dass_stress,working_hours_reduced,categorical,True,1.506319889433347,105
dass_stress,children,numeric,,0.0265795887887235,188
dass_stress,headache_days_per_month,numeric,,0.2834373307678615,379
dass_stress,headache_days_severe_per_month,numeric,,0.29363336873376145,379
dass_stress,days_medication,numeric,,0.12013576670359886,379
dass_stress,intensity,numeric,,0.23592520210522286,379
dass_stress,days_lost_work,numeric,,0.22591073756397065,379
dass_stress,days_lost_household,numeric,,0.34688483795200387,379
dass_stress,days_doctor,numeric,,0.18671990471034075,379
dass_stress,days_ER,binary,,0.0834489186040642,379
dass_stress,days_hospital,numeric,,0.08986770776194472,379
midas_result,gender,categorical,männlich,3.6591029023746735,40
midas_result,gender,categorical,weiblich,-0.4317525548524692,339
midas_result,birthyear,numeric,,-0.07634131373987278,379
midas_result,weight,numeric,,0.05535858678122374,379
midas_result,pregnant,categorical,nein,0.12002212389380773,336
midas_result,highest_degree,categorical,Abitur oder fachgebundene Hochschulreife,-3.1928307992827882,181
midas_result,highest_degree,categorical,Fachhochschulreife,13.514658457930228,54
midas_result,highest_degree,categorical,Hauptschulabschluss,-5.780897097625328,25
midas_result,highest_degree,categorical,Mittlerer Schulabschluss (Realschulabschluss),0.19639103796789215,118
midas_result,family_status,categorical,geschieden,10.974254417526186,33
midas_result,family_status,categorical,ledig,-1.5341403408685714,148
midas_result,family_status,categorical,sonstiger,32.74481718808896,14
midas_result,family_status,categorical,verheiratet,-3.0573806141088475,182
midas_result,current_employed,categorical,ja,-5.375312682040914,308
midas_result,current_employed,categorical,nein,23.318257831952135,71
midas_result,working_hours_model,categorical,Teilzeit,-0.46558441558441643,150
midas_result,working_hours_model,categorical,Vollzeit,0.4420105211244447,158
midas_result,shiftwork,categorical,ja,11.138763410502538,23
midas_result,shiftwork,categorical,nein,-0.89891774891775,285
midas_result,working_hours_reduced,categorical,False,-5.132137973537738,274
midas_result,working_hours_reduced,categorical,True,13.392436235708,105
midas_result,children,numeric,,-0.017754657085208177,188
midas_result,headache_days_per_month,numeric,,0.5579443565304302,379
midas_result,headache_days_severe_per_month,numeric,,0.565757166915867,379
midas_result,days_medication,numeric,,0.3824420806147495,379
midas_result,intensity,numeric,,0.34698263823317926,379
midas_result,days_lost_work,numeric,,0.4703849420616032,379
midas_result,days_lost_household,numeric,,0.7260773568380586,379
midas_result,days_doctor,numeric,,0.3869337944825487,379
midas_result,days_ER,binary,,0.10605402584572712,379
midas_result,days_hospital,numeric,,0.17376237030458425,379
gvas_result,gender,categorical,männlich,-0.4713060686015851,40
gvas_result,gender,categorical,weiblich,0.055611335528205075,339
gvas_result,birthyear,numeric,,0.07129408736121755,379
gvas_result,weight,numeric,,-0.10453920220922583,379
gvas_result,pregnant,categorical,nein,-0.00013168984407485596,336
gvas_result,highest_degree,categorical,Abitur oder fachgebundene Hochschulreife,1.6025889590227251,181
gvas_result,highest_degree,categorical,Fachhochschulreife,-5.855565327860845,54
gvas_result,highest_degree,categorical,Hauptschulabschluss,0.5236939313984124,25
gvas_result,highest_degree,categorical,Mittlerer Schulabschluss (Realschulabschluss),-0.07935691605921136,118
gvas_result,family_status,categorical,geschieden,0.009754537459023993,33
gvas_result,family_status,categorical,ledig,0.6604506881551728,148
gvas_result,family_status,categorical,sonstiger,-21.096306068601585,14
gvas_result,family_status,categorical,verheiratet,1.4806170083214951,182
gvas_result,current_employed,categorical,ja,2.7933043210088044,308
gvas_result,current_employed,categorical,nein,-12.117432829164969,71
gvas_result,working_hours_model,categorical,Teilzeit,-1.289610389610388,150
gvas_result,working_hours_model,categorical,Vollzeit,1.2243136610225207,158
gvas_result,shiftwork,categorical,ja,-2.867871259175608,23
gvas_result,shiftwork,categorical,nein,0.23144224196855845,285
gvas_result,working_hours_reduced,categorical,False,2.4766866321283416,274
gvas_result,working_hours_reduced,categorical,True,-6.462972735268252,105
gvas_result,children,numeric,,-0.051365660418901594,188
gvas_result,headache_days_per_month,numeric,,-0.49827532773222083,379
gvas_result,headache_days_severe_per_month,numeric,,-0.3809773964127796,379
gvas_result,days_medication,numeric,,-0.29582341977072074,379
gvas_result,intensity,numeric,,-0.19487071964417155,379
gvas_result,days_lost_work,numeric,,-0.2530691738503054,379
gvas_result,days_lost_household,numeric,,-0.33808748034497677,379
gvas_result,days_doctor,numeric,,-0.27679996713800076,379
gvas_result,days_ER,binary,,-0.05787951733835945,379
gvas_result,days_hospital,numeric,,-0.11655000675466783,379
pgic_result,gender,categorical,männlich,0.13054089709762584,40
pgic_result,gender,categorical,weiblich,-0.015403055704734214,339
pgic_result,birthyear,numeric,,-0.07571458610476288,379
pgic_result,weight,numeric,,0.01090456950097259,379
pgic_result,pregnant,categorical,nein,0.01082490518331225,336
pgic_result,highest_degree,categorical,Abitur oder fachgebundene Hochschulreife,0.02819283079928292,181
pgic_result,highest_degree,categorical,Fachhochschulreife,0.08702237857910688,54
pgic_result,highest_degree,categorical,Hauptschulabschluss,-0.33445910290237446,25
pgic_result,highest_degree,categorical,Mittlerer Schulabschluss (Realschulabschluss),-0.013103170698984812,118
pgic_result,family_status,categorical,geschieden,-0.5308227392660108,33
pgic_result,family_status,categorical,ledig,-0.14445910290237451,148
pgic_result,family_status,categorical,sonstiger,0.9626837542404822,14
pgic_result,family_status,categorical,verheiratet,0.13850793006465834,182
pgic_result,current_employed,categorical,ja,-0.086017544460816,308
pgic_result,current_employed,categorical,nein,0.3731465309004425,71
pgic_result,working_hours_model,categorical,Teilzeit,0.09822510822510822,150
pgic_result,working_hours_model,categorical,Vollzeit,-0.09325168502383718,158
pgic_result,shiftwork,categorical,ja,0.01764539808018073,23
pgic_result,shiftwork,categorical,nein,-0.0014240145819095495,285
pgic_result,working_hours_reduced,categorical,False,-0.04044450436222835,274
pgic_result,working_hours_reduced,categorical,True,0.10554089709762549,105
pgic_result,children,numeric,,0.0768843977173084,188
pgic_result,headache_days_per_month,numeric,,0.3539962652430695,379
pgic_result,headache_days_severe_per_month,numeric,,0.2623013447478357,379
pgic_result,days_medication,numeric,,0.3024130645121509,379
pgic_result,intensity,numeric,,0.16070513335649816,379
pgic_result,days_lost_work,numeric,,0.19555784130907894,379
pgic_result,days_lost_household,numeric,,0.247632659563616,379
pgic_result,days_doctor,numeric,,0.17367945801458387,379
pgic_result,days_ER,binary,,0.056129091142433224,379
pgic_result,days_hospital,numeric,,0.06273148583639142,379
dass_depression,gender,categorical,männlich,0.32179023508137483,35
dass_depression,gender,categorical,weiblich,-0.040080634262804615,281
dass_depression,birthyear,numeric,,-0.06918909513338649,316
dass_depression,weight,numeric,,0.0803763183969381,316
dass_depression,pregnant,categorical,nein,0.033557305651553904,277
dass_depression,highest_degree,categorical,Abitur oder fachgebundene Hochschulreife,-0.39748109761277695,149
dass_depression,highest_degree,categorical,Fachhochschulreife,0.5944092827004219,48
dass_depression,highest_degree,categorical,Hauptschulabschluss,0.688707528314457,19
dass_depression,highest_degree,categorical,Mittlerer Schulabschluss (Realschulabschluss),0.18153049482163475,99
dass_depression,family_status,categorical,geschieden,0.7789330922242321,35
dass_depression,family_status,categorical,ledig,-0.1931923433158378,123
dass_depression,family_status,categorical,verheiratet,-0.1156019029819042,149
dass_depression,current_employed,categorical,ja,-0.5084107426481204,263
dass_depression,current_employed,categorical,nein,2.522868402197277,53
dass_depression,working_hours_model,categorical,Teilzeit,-0.04155981961269761,129
dass_depression,working_hours_model,categorical,Vollzeit,0.04000908007491066,134
dass_depression,shiftwork,categorical,ja,0.26213375083873824,17
dass_depression,shiftwork,categorical,nein,-0.01811493400105091,246
dass_depression,working_hours_reduced,categorical,False,-0.439145289570964,226
dass_depression,working_hours_reduced,categorical,True,1.1027426160337557,90
dass_depression,children,numeric,,0.045344472289383396,151
dass_depression,headache_days_per_month,numeric,,0.2997384949771055,316
dass_depression,headache_days_severe_per_month,numeric,,0.33816126917974176,316
dass_depression,days_medication,numeric,,0.12212227804790318,316
dass_depression,intensity,numeric,,0.21494644854761613,316
dass_depression,days_lost_work,numeric,,0.2856850180762449,316
dass_depression,days_lost_household,numeric,,0.3529093370983603,316
dass_depression,days_doctor,numeric,,0.2548379762432203,316
dass_depression,days_ER,numeric,,0.08236460352273867,316
dass_depression,days_hospital,numeric,,0.09960084968020365,316
dass_fear,gender,categorical,männlich,-0.03128390596745012,35
dass_fear,gender,categorical,weiblich,0.0038965719176542457,281
dass_fear,birthyear,numeric,,-0.03741335702833519,316
dass_fear,weight,numeric,,0.0775644962081164,316
dass_fear,pregnant,categorical,nein,0.009378573172141635,277
dass_fear,highest_degree,categorical,Abitur oder fachgebundene Hochschulreife,-0.6690595531390704,149
dass_fear,highest_degree,categorical,Fachhochschulreife,0.9377637130801686,48
dass_fear,highest_degree,categorical,Hauptschulabschluss,1.117588274483678,19
dass_fear,highest_degree,categorical,Mittlerer Schulabschluss (Realschulabschluss),0.3291778544943105,99
dass_fear,family_status,categorical,geschieden,1.4544303797468352,35
dass_fear,family_status,categorical,ledig,-0.12930945765153856,123
dass_fear,family_status,categorical,verheiratet,-0.32006626454846643,149
dass_fear,current_employed,categorical,ja,-0.2976608750060161,263
dass_fear,current_employed,categorical,nein,1.477071889180798,53
dass_fear,working_hours_model,categorical,Teilzeit,0.12883544079936327,129
dass_fear,working_hours_model,categorical,Vollzeit,-0.12402814823222297,134
dass_fear,shiftwork,categorical,ja,1.446208901811675,17
dass_fear,shiftwork,categorical,nein,-0.0999412655723515,246
dass_fear,working_hours_reduced,categorical,False,-0.36238377954519985,226
dass_fear,working_hours_reduced,categorical,True,0.9099859353023909,90
dass_fear,children,numeric,,-0.052530153558075124,151
dass_fear,headache_days_per_month,numeric,,0.1828329258686218,316
dass_fear,headache_days_severe_per_month,numeric,,0.20568936336052768,316
dass_fear,days_medication,numeric,,0.032761436975267365,316
dass_fear,intensity,numeric,,0.16406761886408108,316
dass_fear,days_lost_work,numeric,,0.2467927484749511,316
dass_fear,days_lost_household,numeric,,0.27502303030686276,316
dass_fear,days_doctor,numeric,,0.16039156278834601,316
dass_fear,days_ER,numeric,,0.10310559664943515,316
dass_fear,days_hospital,numeric,,0.059387761450133296,316
dass_stress,gender,categorical,männlich,0.4050632911392409,35
dass_stress,gender,categorical,weiblich,-0.050452723095634866,281
dass_stress,birthyear,numeric,,-0.06273265189854625,316
dass_stress,weight,numeric,,0.09953794788774256,316
dass_stress,pregnant,categorical,nein,0.01869290954173497,277
dass_stress,highest_degree,categorical,Abitur oder fachgebundene Hochschulreife,-0.8566816753037125,149
dass_stress,highest_degree,categorical,Fachhochschulreife,2.050896624472575,48
dass_stress,highest_degree,categorical,Hauptschulabschluss,1.1419053964023984,19
dass_stress,highest_degree,categorical,Mittlerer Schulabschluss (Realschulabschluss),0.07172995780590785,99
dass_stress,family_status,categorical,geschieden,0.8622061482820982,35
dass_stress,family_status,categorical,ledig,-0.21282288772254798,123
dass_stress,family_status,categorical,verheiratet,-0.12513805114263832,149
dass_stress,current_employed,categorical,ja,-0.42763632863262213,263
dass_stress,current_employed,categorical,nein,2.122044423214712,53
dass_stress,working_hours_model,categorical,Teilzeit,0.11952132519821923,129
dass_stress,working_hours_model,categorical,Vollzeit,-0.11506157425798769,134
dass_stress,shiftwork,categorical,ja,1.5385819727130396,17
dass_stress,shiftwork,categorical,nein,-0.10632477047203981,246
dass_stress,working_hours_reduced,categorical,False,-0.6303349389492547,226
dass_stress,working_hours_reduced,categorical,True,1.582841068917018,90
dass_stress,children,numeric,,-0.02203248406916584,151
dass_stress,headache_days_per_month,numeric,,0.23153506229461454,316
dass_stress,headache_days_severe_per_month,numeric,,0.323133607526899,316
dass_stress,days_medication,numeric,,0.08897157075009739,316
dass_stress,intensity,numeric,,0.2536984010572252,316
dass_stress,days_lost_work,numeric,,0.26939995418461676,316
dass_stress,days_lost_household,numeric,,0.33725935016212505,316
dass_stress,days_doctor,numeric,,0.2079887358179415,316
dass_stress,days_ER,numeric,,0.13248458305905084,316
dass_stress,days_hospital,numeric,,0.1131439969649592,316
midas_result,gender,categorical,männlich,10.916455696202533,35
midas_result,gender,categorical,weiblich,-1.359700887427362,281
midas_result,birthyear,numeric,,-0.03919811803351533,316
midas_result,weight,numeric,,0.11475686960909164,316
midas_result,pregnant,categorical,nein,0.17435152947826893,277
midas_result,highest_degree,categorical,Abitur oder fachgebundene Hochschulreife,-3.28085974003908,149
midas_result,highest_degree,categorical,Fachhochschulreife,12.087289029535867,48
midas_result,highest_degree,categorical,Hauptschulabschluss,-5.946702198534311,19
midas_result,highest_degree,categorical,Mittlerer Schulabschluss (Realschulabschluss),0.5184758982227322,99
midas_result,family_status,categorical,geschieden,20.459312839059677,35
midas_result,family_status,categorical,ledig,1.2920654523000934,123
midas_result,family_status,categorical,verheiratet,-7.4553563843343795,149
midas_result,current_employed,categorical,ja,-3.6721374596910046,263
midas_result,current_employed,categorical,nein,18.222116073561025,53
midas_result,working_hours_model,categorical,Teilzeit,-0.693577386742124,129
midas_result,working_hours_model,categorical,Vollzeit,0.6676976335054761,134
midas_result,shiftwork,categorical,ja,19.165063744128833,17
midas_result,shiftwork,categorical,nein,-1.3244149741877642,246
midas_result,working_hours_reduced,categorical,False,-6.36938501176207,226
midas_result,working_hours_reduced,categorical,True,15.994233473980309,90
midas_result,children,numeric,,0.030765870798138736,151
midas_result,headache_days_per_month,numeric,,0.5484822402061114,316
midas_result,headache_days_severe_per_month,numeric,,0.5552098222992891,316
midas_result,days_medication,numeric,,0.38368629585103364,316
midas_result,intensity,numeric,,0.3025752277808287,316
midas_result,days_lost_work,numeric,,0.5353377732042617,316
midas_result,days_lost_household,numeric,,0.7664316700696834,316
midas_result,days_doctor,numeric,,0.4045263441142312,316
midas_result,days_ER,numeric,,0.07827309338192187,316
midas_result,days_hospital,numeric,,0.15059807876007691,316
gvas_result,gender,categorical,männlich,-2.7754068716094054,35
gvas_result,gender,categorical,weiblich,0.34569124735348566,281
gvas_result,birthyear,numeric,,0.01606896632264465,316
gvas_result,weight,numeric,,-0.1832946997128716,316
gvas_result,pregnant,categorical,nein,0.12768991610673908,277
gvas_result,highest_degree,categorical,Abitur oder fachgebundene Hochschulreife,3.3672585166935676,149
gvas_result,highest_degree,categorical,Fachhochschulreife,-6.226002109704638,48
gvas_result,highest_degree,categorical,Hauptschulabschluss,-3.483677548301131,19
gvas_result,highest_degree,categorical,Mittlerer Schulabschluss (Realschulabschluss),-1.4842091804117103,99
gvas_result,family_status,categorical,geschieden,-3.8896925858951192,35
gvas_result,family_status,categorical,ledig,-0.1533395080786235,123
gvas_result,family_status,categorical,verheiratet,2.280010194545916,149
gvas_result,current_employed,categorical,ja,2.6600086634259057,263
gvas_result,current_employed,categorical,nein,-13.199665631717217,53
gvas_result,working_hours_model,categorical,Teilzeit,-0.12777433902201807,129
gvas_result,working_hours_model,categorical,Vollzeit,0.12300663980477822,134
gvas_result,shiftwork,categorical,ja,-3.112726459405053,17
gvas_result,shiftwork,categorical,nein,0.21510711304831887,246
gvas_result,working_hours_reduced,categorical,False,2.4036070348381315,226
gvas_result,working_hours_reduced,categorical,True,-6.035724331926865,90
gvas_result,children,numeric,,0.021165932271002302,151
gvas_result,headache_days_per_month,numeric,,-0.37462292407950853,316
gvas_result,headache_days_severe_per_month,numeric,,-0.37041539933698453,316
gvas_result,days_medication,numeric,,-0.23029494461781416,316
gvas_result,intensity,numeric,,-0.25875089340708934,316
gvas_result,days_lost_work,numeric,,-0.2776959020563527,316
gvas_result,days_lost_household,numeric,,-0.39761670212907346,316
gvas_result,days_doctor,numeric,,-0.3399154608119064,316
gvas_result,days_ER,numeric,,-0.07393281016706235,316
gvas_result,days_hospital,numeric,,-0.13721620616497354,316
pgic_result,gender,categorical,männlich,0.1235985533453885,35
pgic_result,gender,categorical,weiblich,-0.015394837605297695,281
pgic_result,birthyear,numeric,,-0.04659687475291966,316
pgic_result,weight,numeric,,0.04380528310530108,316
pgic_result,pregnant,categorical,nein,-0.004792065470148987,277
pgic_result,highest_degree,categorical,Abitur oder fachgebundene Hochschulreife,-0.14159799507263626,149
pgic_result,highest_degree,categorical,Fachhochschulreife,0.3372890295358646,48
pgic_result,highest_degree,categorical,Hauptschulabschluss,0.32961359093937403,19
pgic_result,highest_degree,categorical,Mittlerer Schulabschluss (Realschulabschluss),-0.014352384605549329,99
pgic_result,family_status,categorical,geschieden,0.06645569620253156,35
pgic_result,family_status,categorical,ledig,-0.0961459298137286,123
pgic_result,family_status,categorical,verheiratet,0.019475830430719654,149
pgic_result,current_employed,categorical,ja,-0.10844924676324785,263
pgic_result,current_employed,categorical,nein,0.5381538094100788,53
pgic_result,working_hours_model,categorical,Teilzeit,0.08188168715182575,129
pgic_result,working_hours_model,categorical,Vollzeit,-0.07882640031780275,134
pgic_result,shiftwork,categorical,ja,0.3513755312010738,17
pgic_result,shiftwork,categorical,nein,-0.02428204890413932,246
pgic_result,working_hours_reduced,categorical,False,-0.11938501176207028,226
pgic_result,working_hours_reduced,categorical,True,0.29978902953586495,90
pgic_result,children,numeric,,0.01848478274726296,151
pgic_result,headache_days_per_month,numeric,,0.2708460709081758,316
pgic_result,headache_days_severe_per_month,numeric,,0.23847970273028457,316
pgic_result,days_medication,numeric,,0.21420210872349238,316
pgic_result,intensity,numeric,,0.1055928274059804,316
pgic_result,days_lost_work,numeric,,0.2142384635683554,316
pgic_result,days_lost_household,numeric,,0.3430063260560871,316
pgic_result,days_doctor,numeric,,0.18901458450846337,316
pgic_result,days_ER,numeric,,0.08591660668893346,316
pgic_result,days_hospital,numeric,,0.10969668576471057,316
dass_depression,gender,categorical,männlich,-0.22794536141149635,28
dass_depression,gender,categorical,weiblich,0.008219374753239528,222
dass_depression,birthyear,numeric,,-0.10017946724555067,251
dass_depression,weight,numeric,,0.06134653549560226,251
dass_depression,pregnant,categorical,nein,0.010736764161421775,219
dass_depression,highest_degree,categorical,Abitur oder fachgebundene Hochschulreife,-0.7127228789758995,122
dass_depression,highest_degree,categorical,Fachhochschulreife,0.8998741874606839,38
dass_depression,highest_degree,categorical,Hauptschulabschluss,-0.17556440903054416,15
dass_depression,highest_degree,categorical,Mittlerer Schulabschluss (Realschulabschluss),0.7577689243027894,75
dass_depression,family_status,categorical,geschieden,-0.5801621101799692,29
dass_depression,family_status,categorical,ledig,-0.15802054938142085,95
dass_depression,family_status,categorical,verheiratet,-0.0005644090305443328,120
dass_depression,current_employed,categorical,ja,-0.49461202807816296,210
dass_depression,current_employed,categorical,nein,2.53337868040035,41
dass_depression,working_hours_model,categorical,Teilzeit,0.5757454383622607,107
dass_depression,working_hours_model,categorical,Vollzeit,-0.5981044845122518,103
dass_depression,shiftwork,categorical,ja,-0.17838827838827864,13
dass_depression,shiftwork,categorical,nein,0.01177181532511451,197
dass_depression,working_hours_reduced,categorical,False,-0.5427897349150879,179
dass_depression,working_hours_reduced,categorical,True,1.3494355909694562,72
dass_depression,children,numeric,,0.13886049609721904,117
dass_depression,headache_days_per_month,numeric,,0.3545042358457374,251
dass_depression,headache_days_severe_per_month,numeric,,0.3220116130407871,251
dass_depression,days_medication,numeric,,0.1726763797609026,251
dass_depression,intensity,numeric,,0.168774985171907,251
dass_depression,days_lost_work,numeric,,0.27474321194480705,251
dass_depression,days_lost_household,numeric,,0.3490745631577187,251
dass_depression,days_doctor,numeric,,0.1886645160142767,251
dass_depression,days_ER,binary,,-0.005689420697776822,251
dass_depression,days_hospital,numeric,,0.10219375254860778,251
dass_fear,gender,categorical,männlich,-0.3736482640865111,28
dass_fear,gender,categorical,weiblich,0.03883564839740172,222
dass_fear,birthyear,numeric,,-0.07512699107262732,251
dass_fear,weight,numeric,,0.017761758609667704,251
dass_fear,pregnant,categorical,nein,-0.033814636554362565,219
dass_fear,highest_degree,categorical,Abitur oder fachgebundene Hochschulreife,-0.7331330416040753,122
dass_fear,highest_degree,categorical,Fachhochschulreife,0.8143216607255193,38
dass_fear,highest_degree,categorical,Hauptschulabschluss,0.5739707835325367,15
dass_fear,highest_degree,categorical,Mittlerer Schulabschluss (Realschulabschluss),0.6806374501992032,75
dass_fear,family_status,categorical,geschieden,1.1509822777854106,29
dass_fear,family_status,categorical,ledig,0.1248479765149928,95
dass_fear,family_status,categorical,verheiratet,-0.41769588313413,120
dass_fear,current_employed,categorical,ja,-0.3069815974198442,210
dass_fear,current_employed,categorical,nein,1.5723447672723738,41
dass_fear,working_hours_model,categorical,Teilzeit,0.17565643079661752,107
dass_fear,working_hours_model,categorical,Vollzeit,-0.1824780397595931,103
dass_fear,shiftwork,categorical,ja,0.3783882783882784,13
dass_fear,shiftwork,categorical,nein,-0.024969784868261957,197
dass_fear,working_hours_reduced,categorical,False,-0.3046139464488413,179
dass_fear,working_hours_reduced,categorical,True,0.7573041168658698,72
dass_fear,children,numeric,,0.17923749333139644,117
dass_fear,headache_days_per_month,numeric,,0.21640322164187245,251
dass_fear,headache_days_severe_per_month,numeric,,0.2705007403925899,251
dass_fear,days_medication,numeric,,0.06051576927681441,251
dass_fear,intensity,numeric,,0.17599169267906653,251
dass_fear,days_lost_work,numeric,,0.26274900666991063,251
dass_fear,days_lost_household,numeric,,0.34636511842571616,251
dass_fear,days_doctor,numeric,,0.18264223311121972,251
dass_fear,days_ER,binary,,0.014304065704700372,251
dass_fear,days_hospital,numeric,,0.13516793841595548,251
dass_stress,gender,categorical,männlich,-0.1414342629482075,28
dass_stress,gender,categorical,weiblich,-0.006299127813072403,222
dass_stress,birthyear,numeric,,-0.09543938411136897,251
dass_stress,weight,numeric,,0.08056552265630434,251
dass_stress,pregnant,categorical,nein,-0.02326298901641355,219
dass_stress,highest_degree,categorical,Abitur oder fachgebundene Hochschulreife,-0.8791391809809941,122
dass_stress,highest_degree,categorical,Fachhochschulreife,1.8059341581044244,38
dass_stress,highest_degree,categorical,Hauptschulabschluss,-0.5081009296148737,15
dass_stress,highest_degree,categorical,Mittlerer Schulabschluss (Realschulabschluss),0.6118990703851255,75
dass_stress,family_status,categorical,geschieden,-0.08971012501717279,29
dass_stress,family_status,categorical,ledig,-0.16775005242189156,95
dass_stress,family_status,categorical,verheiratet,-0.008100929614873742,120
dass_stress,current_employed,categorical,ja,-0.4747675962815405,210
dass_stress,current_employed,categorical,nein,2.4317364687591088,41
dass_stress,working_hours_model,categorical,Teilzeit,0.6090342679127723,107
dass_stress,working_hours_model,categorical,Vollzeit,-0.6326860841423949,103
dass_stress,shiftwork,categorical,ja,0.37179487179487136,13
dass_stress,shiftwork,categorical,nein,-0.02453468697123551,197
dass_stress,working_hours_reduced,categorical,False,-0.6135013020543525,179
dass_stress,working_hours_reduced,categorical,True,1.5252324037184586,72
dass_stress,children,numeric,,0.08135740254761958,117
dass_stress,headache_days_per_month,numeric,,0.3276831280049957,251
dass_stress,headache_days_severe_per_month,numeric,,0.36702785889256284,251
dass_stress,days_medication,numeric,,0.17611000632811338,251
dass_stress,intensity,numeric,,0.2645684934382389,251
dass_stress,days_lost_work,numeric,,0.28214835175032876,251
dass_stress,days_lost_household,numeric,,0.41429230384899957,251
dass_stress,days_doctor,numeric,,0.15706626368462695,251
dass_stress,days_ER,binary,,-0.0323450425406244,251
dass_stress,days_hospital,numeric,,0.052135918507832946,251
midas_result,gender,categorical,männlich,-4.755549231644849,28
midas_result,gender,categorical,weiblich,0.561053084957468,222
midas_result,birthyear,numeric,,-0.11707458844554149,251
midas_result,weight,numeric,,0.03150569178336751,251
midas_result,pregnant,categorical,nein,-0.050783660372701434,219
midas_result,highest_degree,categorical,Abitur oder fachgebundene Hochschulreife,-0.1688981777806795,122
midas_result,highest_degree,categorical,Fachhochschulreife,12.41738309918222,38
midas_result,highest_degree,categorical,Hauptschulabschluss,-3.265073041168659,15
midas_result,highest_degree,categorical,Mittlerer Schulabschluss (Realschulabschluss),-4.985073041168658,75
midas_result,family_status,categorical,geschieden,12.049869487566976,29
midas_result,family_status,categorical,ledig,1.6647515202348515,95
midas_result,family_status,categorical,verheiratet,-6.590073041168658,120
midas_result,current_employed,categorical,ja,-4.05554923164485,210
midas_result,current_employed,categorical,nein,20.772325332815083,41
midas_result,working_hours_model,categorical,Teilzeit,2.2459279038718307,107
midas_result,working_hours_model,categorical,Vollzeit,-2.3331484049930644,103
midas_result,shiftwork,categorical,ja,17.041758241758245,13
midas_result,shiftwork,categorical,nein,-1.1245830311820164,197
midas_result,working_hours_reduced,categorical,False,-5.1470097264572985,179
midas_result,working_hours_reduced,categorical,True,12.796038069942451,72
midas_result,children,numeric,,0.07305153029002404,117
midas_result,headache_days_per_month,numeric,,0.6050730948127063,251
midas_result,headache_days_severe_per_month,numeric,,0.609261800789354,251
midas_result,days_medication,numeric,,0.4106057727017889,251
midas_result,intensity,numeric,,0.3587360257419198,251
midas_result,days_lost_work,numeric,,0.5644841886953773,251
midas_result,days_lost_household,numeric,,0.7644793527509067,251
midas_result,days_doctor,numeric,,0.4322003777160159,251
midas_result,days_ER,binary,,0.2215623539083336,251
midas_result,days_hospital,numeric,,0.14944695220735751,251
gvas_result,gender,categorical,männlich,-1.0717131474103567,28
gvas_result,gender,categorical,weiblich,0.17603460033738827,222
gvas_result,birthyear,numeric,,0.12117447815226279,251
gvas_result,weight,numeric,,-0.12955412791145385,251
gvas_result,pregnant,categorical,nein,0.02622485499198035,219
gvas_result,highest_degree,categorical,Abitur oder fachgebundene Hochschulreife,3.075827836196204,122
gvas_result,highest_degree,categorical,Fachhochschulreife,-3.0717131474103567,38
gvas_result,highest_degree,categorical,Hauptschulabschluss,-2.3383798140770224,15
gvas_result,highest_degree,categorical,Mittlerer Schulabschluss (Realschulabschluss),-2.9250464807436884,75
gvas_result,family_status,categorical,geschieden,-1.830333837065531,29
gvas_result,family_status,categorical,ledig,-0.3664499895156226,95
gvas_result,family_status,categorical,verheiratet,2.061620185922976,120
gvas_result,current_employed,categorical,ja,2.5378106621134506,210
gvas_result,current_employed,categorical,nein,-12.998542415703042,41
gvas_result,working_hours_model,categorical,Teilzeit,-1.011392968402312,107
gvas_result,working_hours_model,categorical,Vollzeit,1.0506703652334721,103
gvas_result,shiftwork,categorical,ja,5.313553113553112,13
gvas_result,shiftwork,categorical,nein,-0.35064056079284,197
gvas_result,working_hours_reduced,categorical,False,2.5037058470030544,179
gvas_result,working_hours_reduced,categorical,True,-6.224490925188135,72
gvas_result,children,numeric,,-0.20517281322246866,117
gvas_result,headache_days_per_month,numeric,,-0.4637856015905617,251
gvas_result,headache_days_severe_per_month,numeric,,-0.4004322115684913,251
gvas_result,days_medication,numeric,,-0.33064492457369965,251
gvas_result,intensity,numeric,,-0.24110209020196158,251
gvas_result,days_lost_work,numeric,,-0.3103940513440162,251
gvas_result,days_lost_household,numeric,,-0.40807233405710897,251
gvas_result,days_doctor,numeric,,-0.29891757114444045,251
gvas_result,days_ER,binary,,-0.0653232001384794,251
gvas_result,days_hospital,numeric,,-0.1427718075371799,251
pgic_result,gender,categorical,männlich,-0.3170176437108707,28
pgic_result,gender,categorical,weiblich,0.03047270377947653,222
pgic_result,birthyear,numeric,,-0.11311171021653978,251
pgic_result,weight,numeric,,-0.040508599584295875,251
pgic_result,pregnant,categorical,nein,0.017154140441811627,219
pgic_result,highest_degree,categorical,Abitur oder fachgebundene Hochschulreife,-0.06877408399190132,122
pgic_result,highest_degree,categorical,Fachhochschulreife,0.11155378486055767,38
pgic_result,highest_degree,categorical,Hauptschulabschluss,0.11155378486055767,15
pgic_result,highest_degree,categorical,Mittlerer Schulabschluss (Realschulabschluss),0.0315537848605576,75
pgic_result,family_status,categorical,geschieden,-0.09534276686358023,29
pgic_result,family_status,categorical,ledig,-0.01476200461312649,95
pgic_result,family_status,categorical,verheiratet,-0.03844621513944224,120
pgic_result,current_employed,categorical,ja,-0.050350977044204104,210
pgic_result,current_employed,categorical,nein,0.25789524827519195,41
pgic_result,working_hours_model,categorical,Teilzeit,0.09648420115709833,107
pgic_result,working_hours_model,categorical,Vollzeit,-0.1002311604253352,103
pgic_result,shiftwork,categorical,ja,-0.2996336996336999,13
pgic_result,shiftwork,categorical,nein,0.01977278220933032,197
pgic_result,working_hours_reduced,categorical,False,-0.016937835251173983,179
pgic_result,working_hours_reduced,categorical,True,0.04210934041611303,72
pgic_result,children,numeric,,0.25244045072570376,117
pgic_result,headache_days_per_month,numeric,,0.25617222920049504,251
pgic_result,headache_days_severe_per_month,numeric,,0.32062388962667876,251
pgic_result,days_medication,numeric,,0.2914196356901486,251
pgic_result,intensity,numeric,,0.2007933161844891,251
pgic_result,days_lost_work,numeric,,0.27607803273138404,251
pgic_result,days_lost_household,numeric,,0.3220870668543114,251
pgic_result,days_doctor,numeric,,0.21233441808751438,251
pgic_result,days_ER,binary,,-0.04128850941735606,251
pgic_result,days_hospital,numeric,,0.037875048178988104,251
dass_depression,gender,categorical,männlich,-0.020256916996046925,22
dass_depression,gender,categorical,weiblich,0.002750939345142811,162
dass_depression,birthyear,numeric,,-0.021704919299455876,184
dass_depression,weight,numeric,,0.07154083862787301,184
dass_depression,pregnant,categorical,nein,0.024151234567900914,160
dass_depression,highest_degree,categorical,Abitur oder fachgebundene Hochschulreife,-0.6452569169960469,88
dass_depression,highest_degree,categorical,Fachhochschulreife,0.9410225442834141,27
dass_depression,highest_degree,categorical,Hauptschulabschluss,1.570652173913044,11
dass_depression,highest_degree,categorical,Mittlerer Schulabschluss (Realschulabschluss),0.2724065598779566,57
dass_depression,family_status,categorical,geschieden,-0.9293478260869561,18
dass_depression,family_status,categorical,ledig,1.023777173913044,64
dass_depression,family_status,categorical,verheiratet,-0.5530591662931417,97
dass_depression,current_employed,categorical,ja,-0.38907936971111745,149
dass_depression,current_employed,categorical,nein,1.6563664596273293,35
dass_depression,working_hours_model,categorical,Teilzeit,0.25460333849595607,78
dass_depression,working_hours_model,categorical,Vollzeit,-0.27970507609414863,71
dass_depression,shiftwork,categorical,nein,0.01567559956821718,143
dass_depression,working_hours_reduced,categorical,False,-0.341347826086956,125
dass_depression,working_hours_reduced,categorical,True,0.7231945467943994,59
dass_depression,children,numeric,,0.10180861229830539,91
dass_depression,headache_days_per_month,numeric,,0.31045302965199784,184
dass_depression,headache_days_severe_per_month,numeric,,0.3280646658487918,184
dass_depression,days_medication,numeric,,0.15116102210558494,184
dass_depression,intensity,numeric,,0.11110785314465711,184
dass_depression,days_lost_work,numeric,,0.18621588829618868,184
dass_depression,days_lost_household,numeric,,0.293923803553194,184
dass_depression,days_doctor,numeric,,0.2272077089564096,184
dass_depression,days_ER,binary,,0.006558558263544967,184
dass_depression,days_hospital,numeric,,0.06485898034084936,184
dass_fear,gender,categorical,männlich,-0.09239130434782616,22
dass_fear,gender,categorical,weiblich,0.01254696725711213,162
dass_fear,birthyear,numeric,,-0.06784621835562403,184
dass_fear,weight,numeric,,0.0871911487051375,184
dass_fear,pregnant,categorical,nein,0.020061728395061706,160
dass_fear,highest_degree,categorical,Abitur oder fachgebundene Hochschulreife,-0.6378458498023716,88
dass_fear,highest_degree,categorical,Fachhochschulreife,0.6483494363929148,27
dass_fear,highest_degree,categorical,Hauptschulabschluss,1.9076086956521738,11
dass_fear,highest_degree,categorical,Mittlerer Schulabschluss (Realschulabschluss),0.2584858886346302,57
dass_fear,family_status,categorical,geschieden,0.7409420289855073,18
dass_fear,family_status,categorical,ledig,0.32948369565217384,64
dass_fear,family_status,categorical,verheiratet,-0.41197893321380574,97
dass_fear,current_employed,categorical,ja,-0.16621680770353064,149
dass_fear,current_employed,categorical,nein,0.7076086956521737,35
dass_fear,working_hours_model,categorical,Teilzeit,0.2533126828428838,78
dass_fear,working_hours_model,categorical,Vollzeit,-0.2782871727006335,71
dass_fear,shiftwork,categorical,nein,-0.038062608532407616,143
dass_fear,working_hours_reduced,categorical,False,-0.380391304347826,125
dass_fear,working_hours_reduced,categorical,True,0.8059137803979364,59
dass_fear,children,numeric,,0.12798101692595845,91
dass_fear,headache_days_per_month,numeric,,0.24091191155003933,184
dass_fear,headache_days_severe_per_month,numeric,,0.33087034113781866,184
dass_fear,days_medication,numeric,,0.08940224578647485,184
dass_fear,intensity,numeric,,0.22859682816350593,184
dass_fear,days_lost_work,numeric,,0.20310905308028,184
dass_fear,days_lost_household,numeric,,0.2675601852270853,184
dass_fear,days_doctor,numeric,,0.2009241468896431,184
dass_fear,days_ER,binary,,0.03169091503944841,184
dass_fear,days_hospital,numeric,,0.14892569453777252,184
dass_stress,gender,categorical,männlich,0.6497035573122529,22
dass_stress,gender,categorical,weiblich,-0.08823134728931858,162
dass_stress,birthyear,numeric,,0.043230104833852985,184
dass_stress,weight,numeric,,0.08260255328362975,184
dass_stress,pregnant,categorical,nein,-0.017746913580246826,160
dass_stress,highest_degree,categorical,Abitur oder fachgebundene Hochschulreife,-1.0093873517786562,88
dass_stress,highest_degree,categorical,Fachhochschulreife,1.8130032206119155,27
dass_stress,highest_degree,categorical,Hauptschulabschluss,1.3315217391304346,11
dass_stress,highest_degree,categorical,Mittlerer Schulabschluss (Realschulabschluss),0.4543287566742942,57
dass_stress,family_status,categorical,geschieden,-1.0573671497584547,18
dass_stress,family_status,categorical,ledig,0.7846467391304346,64
dass_stress,family_status,categorical,verheiratet,-0.3591999103541017,97
dass_stress,current_employed,categorical,ja,-0.30606215348701493,149
dass_stress,current_employed,categorical,nein,1.3029503105590061,35
dass_stress,working_hours_model,categorical,Teilzeit,0.32989158492514203,78
dass_stress,working_hours_model,categorical,Vollzeit,-0.3624161073825505,71
dass_stress,shiftwork,categorical,nein,-0.089688834655278,143
dass_stress,working_hours_reduced,categorical,False,-0.5404782608695653,125
dass_stress,working_hours_reduced,categorical,True,1.1450810611643325,59
dass_stress,children,numeric,,-0.06088304075091969,91
dass_stress,headache_days_per_month,numeric,,0.2951009492695794,184
dass_stress,headache_days_severe_per_month,numeric,,0.3548804141451309,184
dass_stress,days_medication,numeric,,0.15181751782666772,184
dass_stress,intensity,numeric,,0.23818275450056625,184
dass_stress,days_lost_work,numeric,,0.1995378906385868,184
dass_stress,days_lost_household,numeric,,0.3200587971074091,184
dass_stress,days_doctor,numeric,,0.1936550677422773,184
dass_stress,days_ER,binary,,-0.025939940375047592,184
dass_stress,days_hospital,numeric,,0.1165266938512201,184
midas_result,gender,categorical,männlich,0.4056324110671916,22
midas_result,gender,categorical,weiblich,-0.05508588298443584,162
midas_result,birthyear,numeric,,0.0261395000071094,184
midas_result,weight,numeric,,0.14166757062708768,184
midas_result,pregnant,categorical,nein,-0.1375771604938265,160
midas_result,highest_degree,categorical,Abitur oder fachgebundene Hochschulreife,-3.071640316205535,88
midas_result,highest_degree,categorical,Fachhochschulreife,15.302938808373593,27
midas_result,highest_degree,categorical,Hauptschulabschluss,-1.1852766798418983,11
midas_result,highest_degree,categorical,Mittlerer Schulabschluss (Realschulabschluss),-1.741895499618611,57
midas_result,family_status,categorical,geschieden,3.5066425120772955,18
midas_result,family_status,categorical,ledig,7.841711956521738,64
midas_result,family_status,categorical,verheiratet,-8.445820259973107,97
midas_result,current_employed,categorical,ja,-3.5623358622702064,149
midas_result,current_employed,categorical,nein,15.165372670807454,35
midas_result,working_hours_model,categorical,Teilzeit,0.5775253828945104,78
midas_result,working_hours_model,categorical,Vollzeit,-0.6344645051517155,71
midas_result,shiftwork,categorical,nein,-1.532031726662602,143
midas_result,working_hours_reduced,categorical,False,-2.6049130434782626,125
midas_result,working_hours_reduced,categorical,True,5.518883566691233,59
midas_result,children,numeric,,-0.011597463004956518,91
midas_result,headache_days_per_month,numeric,,0.5576680198905598,184
midas_result,headache_days_severe_per_month,numeric,,0.6106504285465563,184
midas_result,days_medication,numeric,,0.43015059949434287,184
midas_result,intensity,numeric,,0.3942319202807344,184
midas_result,days_lost_work,numeric,,0.5619144014810323,184
midas_result,days_lost_household,numeric,,0.764673370231332,184
midas_result,days_doctor,numeric,,0.4625151414043535,184
midas_result,days_ER,binary,,0.006314476913799678,184
midas_result,days_hospital,numeric,,0.004284127930899706,184
gvas_result,gender,categorical,männlich,-3.99308300395257,22
gvas_result,gender,categorical,weiblich,0.5422705314009661,162
gvas_result,birthyear,numeric,,0.10912649439462528,184
gvas_result,weight,numeric,,-0.19329967363875353,184
gvas_result,pregnant,categorical,nein,0.1430555555555557,160
gvas_result,highest_degree,categorical,Abitur oder fachgebundene Hochschulreife,2.3591897233201564,88
gvas_result,highest_degree,categorical,Fachhochschulreife,-3.08735909822866,27
gvas_result,highest_degree,categorical,Hauptschulabschluss,-0.2658102766798436,11
gvas_result,highest_degree,categorical,Mittlerer Schulabschluss (Realschulabschluss),-2.3758581235697918,57
gvas_result,family_status,categorical,geschieden,-0.7910628019323624,18
gvas_result,family_status,categorical,ledig,-1.1052989130434767,64
gvas_result,family_status,categorical,verheiratet,1.9122590766472456,97
gvas_result,current_employed,categorical,ja,1.7085643419900833,149
gvas_result,current_employed,categorical,nein,-7.27360248447205,35
gvas_result,working_hours_model,categorical,Teilzeit,-1.546635690930998,78
gvas_result,working_hours_model,categorical,Vollzeit,1.6991208998960161,71
gvas_result,shiftwork,categorical,nein,0.05359740930210677,143
gvas_result,working_hours_reduced,categorical,False,2.0018260869565268,125
gvas_result,working_hours_reduced,categorical,True,-4.241156963890937,59
gvas_result,children,numeric,,0.03236000357002471,91
gvas_result,headache_days_per_month,numeric,,-0.38222165046517353,184
gvas_result,headache_days_severe_per_month,numeric,,-0.3509065591846977,184
gvas_result,days_medication,numeric,,-0.2638407003426957,184
gvas_result,intensity,numeric,,-0.13513207080888062,184
gvas_result,days_lost_work,numeric,,-0.2691003799705259,184
gvas_result,days_lost_household,numeric,,-0.3753613687682539,184
gvas_result,days_doctor,numeric,,-0.3449600759153086,184
gvas_result,days_ER,binary,,-0.09710850132431142,184
gvas_result,days_hospital,numeric,,-0.041849641885679106,184
pgic_result,gender,categorical,männlich,0.18181818181818166,22
pgic_result,gender,categorical,weiblich,-0.024691358024691468,162
pgic_result,birthyear,numeric,,0.016105357703571944,184
pgic_result,weight,numeric,,0.04982401388527929,184
pgic_result,pregnant,categorical,nein,0.005941358024691645,160
pgic_result,highest_degree,categorical,Abitur oder fachgebundene Hochschulreife,-0.05681818181818166,88
pgic_result,highest_degree,categorical,Fachhochschulreife,0.0740740740740744,27
pgic_result,highest_degree,categorical,Hauptschulabschluss,-0.5454545454545454,11
pgic_result,highest_degree,categorical,Mittlerer Schulabschluss (Realschulabschluss),0.1578947368421053,57
pgic_result,family_status,categorical,geschieden,-0.5,18
pgic_result,family_status,categorical,ledig,-0.015625,64
pgic_result,family_status,categorical,verheiratet,0.030927835051546282,97
pgic_result,current_employed,categorical,ja,0.026845637583893023,149
pgic_result,current_employed,categorical,nein,-0.11428571428571432,35
pgic_result,working_hours_model,categorical,Teilzeit,-0.07812768886594412,78
pgic_result,working_hours_model,categorical,Vollzeit,0.085830418754135,71
pgic_result,shiftwork,categorical,nein,0.029098418360162803,143
pgic_result,working_hours_reduced,categorical,False,-0.016000000000000014,125
pgic_result,working_hours_reduced,categorical,True,0.03389830508474567,59
pgic_result,children,numeric,,0.041590032895741015,91
pgic_result,headache_days_per_month,numeric,,0.25640939839282256,184
pgic_result,headache_days_severe_per_month,numeric,,0.32574254482701176,184
pgic_result,days_medication,numeric,,0.30605349109614055,184
pgic_result,intensity,numeric,,0.20138500950552074,184
pgic_result,days_lost_work,numeric,,0.30226531049828886,184
pgic_result,days_lost_household,numeric,,0.32998035171973744,184
pgic_result,days_doctor,numeric,,0.10798423395720536,184
pgic_result,days_ER,binary,,0.06332579376804108,184
pgic_result,days_hospital,numeric,,0.09302405799637563,184
dass_depression,gender,categorical,männlich,1.3810126582278484,15
dass_depression,gender,categorical,weiblich,-0.166874665715814,142
dass_depression,birthyear,numeric,,-0.016464931710890265,158
dass_depression,weight,numeric,,0.09782702654037477,158
dass_depression,pregnant,categorical,nein,0.04074446680080479,140
dass_depression,highest_degree,categorical,Abitur oder fachgebundene Hochschulreife,-0.38740839440373076,76
dass_depression,highest_degree,categorical,Fachhochschulreife,0.02449091909741341,23
dass_depression,highest_degree,categorical,Mittlerer Schulabschluss (Realschulabschluss),0.7157065357788683,49
dass_depression,family_status,categorical,geschieden,-1.1618444846292948,14
dass_depression,family_status,categorical,ledig,0.29767932489451443,60
dass_depression,family_status,categorical,verheiratet,-0.14556962025316444,79
dass_depression,current_employed,categorical,ja,-0.43759199293494255,129
dass_depression,current_employed,categorical,nein,1.9465298996071585,29
dass_depression,working_hours_model,categorical,Teilzeit,-0.037277701778386074,68
dass_depression,working_hours_model,categorical,Vollzeit,0.041555470834921504,61
dass_depression,shiftwork,categorical,nein,0.041555470834921504,122
dass_depression,working_hours_reduced,categorical,False,-0.13403158955976258,113
dass_depression,working_hours_reduced,categorical,True,0.3365682137834032,45
dass_depression,children,numeric,,0.17799839417220675,74
dass_depression,headache_days_per_month,numeric,,0.21804577052546362,158
dass_depression,headache_days_severe_per_month,numeric,,0.2289437087389639,158
dass_depression,days_medication,numeric,,0.10245137681903493,158
dass_depression,intensity,numeric,,0.2809546897642878,158
dass_depression,days_lost_work,numeric,,0.25079020917950134,158
dass_depression,days_lost_household,numeric,,0.27379570871201336,158
dass_depression,days_doctor,numeric,,0.26567739402505114,158
dass_depression,days_ER,binary,,-0.01892059093638335,158
dass_depression,days_hospital,binary,,0.2967359758656394,158
dass_fear,gender,categorical,männlich,0.7518987341772152,15
dass_fear,gender,categorical,weiblich,-0.07345337849884137,142
dass_fear,birthyear,numeric,,-0.05381503690000434,158
dass_fear,weight,numeric,,0.08297259124663717,158
dass_fear,pregnant,categorical,nein,0.01106639839034207,140
dass_fear,highest_degree,categorical,Abitur oder fachgebundene Hochschulreife,-0.2954696868754163,76
dass_fear,highest_degree,categorical,Fachhochschulreife,-0.19592735277930684,23
dass_fear,highest_degree,categorical,Mittlerer Schulabschluss (Realschulabschluss),0.478429346422113,49
dass_fear,family_status,categorical,geschieden,0.2947558770343579,14
dass_fear,family_status,categorical,ledig,0.3852320675105485,60
dass_fear,family_status,categorical,verheiratet,-0.3670886075949369,79
dass_fear,current_employed,categorical,ja,-0.26670591698557544,129
dass_fear,current_employed,categorical,nein,1.1863814927979046,29
dass_fear,working_hours_model,categorical,Teilzeit,0.21272229822161393,68
dass_fear,working_hours_model,categorical,Vollzeit,-0.23713305375524207,61
dass_fear,shiftwork,categorical,nein,-0.024018299656881403,122
dass_fear,working_hours_reduced,categorical,False,-0.2640304693626079,113
dass_fear,working_hours_reduced,categorical,True,0.6630098452883262,45
dass_fear,children,numeric,,0.12898715363440935,74
dass_fear,headache_days_per_month,numeric,,0.16654595583107412,158
dass_fear,headache_days_severe_per_month,numeric,,0.2036628084553249,158
dass_fear,days_medication,numeric,,-2.3355514207089125e-05,158
dass_fear,intensity,numeric,,0.25723387752260046,158
dass_fear,days_lost_work,numeric,,0.17990547615997585,158
dass_fear,days_lost_household,numeric,,0.29627915032057633,158
dass_fear,days_doctor,numeric,,0.17126791877804992,158
dass_fear,days_ER,binary,,-0.042641538151396007,158
dass_fear,days_hospital,binary,,0.2803827166119191,158
dass_stress,gender,categorical,männlich,1.9569620253164564,15
dass_stress,gender,categorical,weiblich,-0.25289712961312105,142
dass_stress,birthyear,numeric,,0.024566117483375307,158
dass_stress,weight,numeric,,0.07932745833896172,158
dass_stress,pregnant,categorical,nein,-0.011569416498994123,140
dass_stress,highest_degree,categorical,Abitur oder fachgebundene Hochschulreife,-0.8114590273151228,76
dass_stress,highest_degree,categorical,Fachhochschulreife,1.9917446340121083,23
dass_stress,highest_degree,categorical,Mittlerer Schulabschluss (Realschulabschluss),0.5365538620511501,49
dass_stress,family_status,categorical,geschieden,-0.943037974683544,14
dass_stress,family_status,categorical,ledig,0.2569620253164562,60
dass_stress,family_status,categorical,verheiratet,-0.27848101265822756,79
dass_stress,current_employed,categorical,ja,-0.2569914630556367,129
dass_stress,current_employed,categorical,nein,1.1431689218681802,29
dass_stress,working_hours_model,categorical,Teilzeit,0.29924760601915157,68
dass_stress,working_hours_model,categorical,Vollzeit,-0.3335874952344646,61
dass_stress,shiftwork,categorical,nein,-0.06309569195577591,122
dass_stress,working_hours_reduced,categorical,False,-0.6023300100817739,113
dass_stress,working_hours_reduced,categorical,True,1.5125175808720117,45
dass_stress,children,numeric,,-0.003879533412099498,74
dass_stress,headache_days_per_month,numeric,,0.2918677828427087,158
dass_stress,headache_days_severe_per_month,numeric,,0.340084996338942,158
dass_stress,days_medication,numeric,,0.11058561886983731,158
dass_stress,intensity,numeric,,0.3363906624414238,158
dass_stress,days_lost_work,numeric,,0.28810491712955855,158
dass_stress,days_lost_household,numeric,,0.39112585089685076,158
dass_stress,days_doctor,numeric,,0.2723736623044478,158
dass_stress,days_ER,binary,,0.0908519777817676,158
dass_stress,days_hospital,binary,,0.2379949304078188,158
midas_result,gender,categorical,männlich,7.010970464135024,15
midas_result,gender,categorical,weiblich,-0.7514708504189684,142
midas_result,birthyear,numeric,,-0.00739752644327327,158
midas_result,weight,numeric,,0.12665369297606377,158
midas_result,pregnant,categorical,nein,0.03148893360160798,140
midas_result,highest_degree,categorical,Abitur oder fachgebundene Hochschulreife,-1.0214856762158533,76
midas_result,highest_degree,categorical,Fachhochschulreife,11.718216840946614,23
midas_result,highest_degree,categorical,Mittlerer Schulabschluss (Realschulabschluss),-2.8434513045724614,49
midas_result,family_status,categorical,geschieden,16.83001808318264,14
midas_result,family_status,categorical,ledig,4.127637130801691,60
midas_result,family_status,categorical,verheiratet,-7.810126582278478,79
midas_result,current_employed,categorical,ja,-3.037091551368853,129
midas_result,current_employed,categorical,nein,13.509821038847665,29
midas_result,working_hours_model,categorical,Teilzeit,2.140218878248973,68
midas_result,working_hours_model,categorical,Vollzeit,-2.38581776591689,61
midas_result,shiftwork,categorical,nein,-1.4759817003431195,122
midas_result,working_hours_reduced,categorical,False,-3.4025988573988997,113
midas_result,working_hours_reduced,categorical,True,8.544303797468356,45
midas_result,children,numeric,,0.09613168223170684,74
midas_result,headache_days_per_month,numeric,,0.5297633667325936,158
midas_result,headache_days_severe_per_month,numeric,,0.5255601289797743,158
midas_result,days_medication,numeric,,0.3995048053437692,158
midas_result,intensity,numeric,,0.3853177387231748,158
midas_result,days_lost_work,numeric,,0.5019986491437124,158
midas_result,days_lost_household,numeric,,0.7601433001089744,158
midas_result,days_doctor,numeric,,0.35133851258642934,158
midas_result,days_ER,binary,,0.02096272134035086,158
midas_result,days_hospital,binary,,0.298787735420198,158
gvas_result,gender,categorical,männlich,-7.606329113924055,15
gvas_result,gender,categorical,weiblich,0.8176145480477786,142
gvas_result,birthyear,numeric,,0.030508561119993942,158
gvas_result,weight,numeric,,-0.19282790212950018,158
gvas_result,pregnant,categorical,nein,0.24034205231388484,140
gvas_result,highest_degree,categorical,Abitur oder fachgebundene Hochschulreife,-0.5852764823451082,76
gvas_result,highest_degree,categorical,Fachhochschulreife,1.0806274078150793,23
gvas_result,highest_degree,categorical,Mittlerer Schulabschluss (Realschulabschluss),1.2589770085249228,49
gvas_result,family_status,categorical,geschieden,-5.577757685352623,14
gvas_result,family_status,categorical,ledig,0.010337552742612388,60
gvas_result,family_status,categorical,verheiratet,1.892405063291136,79
gvas_result,current_employed,categorical,ja,2.1099499558433905,129
gvas_result,current_employed,categorical,nein,-9.38563945875164,29
gvas_result,working_hours_model,categorical,Teilzeit,-0.23392612859097284,68
gvas_result,working_hours_model,categorical,Vollzeit,0.2607701105604221,61
gvas_result,shiftwork,categorical,nein,-0.38677087304613167,122
gvas_result,working_hours_reduced,categorical,False,0.2945558418281564,113
gvas_result,working_hours_reduced,categorical,True,-0.7396624472573876,45
gvas_result,children,numeric,,-0.11274846177949163,74
gvas_result,headache_days_per_month,numeric,,-0.3479874150496873,158
gvas_result,headache_days_severe_per_month,numeric,,-0.1960143739321153,158
gvas_result,days_medication,numeric,,-0.18216648637775895,158
gvas_result,intensity,numeric,,-0.15132222994320105,158
gvas_result,days_lost_work,numeric,,-0.30224075459346195,158
gvas_result,days_lost_household,numeric,,-0.3596261071952546,158
gvas_result,days_doctor,numeric,,-0.3633680782233515,158
gvas_result,days_ER,binary,,-0.029748378910368495,158
gvas_result,days_hospital,binary,,-0.13006978952825926,158
pgic_result,gender,categorical,männlich,0.26708860759493724,15
pgic_result,gender,categorical,weiblich,-0.020235336067035092,142
pgic_result,birthyear,numeric,,-0.08131456394103821,158
pgic_result,weight,numeric,,0.10179063052527274,158
pgic_result,pregnant,categorical,nein,0.008752515090542978,140
pgic_result,highest_degree,categorical,Abitur oder fachgebundene Hochschulreife,0.10393071285809441,76
pgic_result,highest_degree,categorical,Fachhochschulreife,-0.30682443588332386,23
pgic_result,highest_degree,categorical,Mittlerer Schulabschluss (Realschulabschluss),-0.030870576078532608,49
pgic_result,family_status,categorical,geschieden,-0.061482820976491936,14
pgic_result,family_status,categorical,ledig,-0.16624472573839633,60
pgic_result,family_status,categorical,verheiratet,0.08227848101265867,79
pgic_result,current_employed,categorical,ja,-0.03213619860661332,129
pgic_result,current_employed,categorical,nein,0.1429506765604538,29
pgic_result,working_hours_model,categorical,Teilzeit,0.031577747378021215,68
pgic_result,working_hours_model,categorical,Vollzeit,-0.03520142330664644,61
pgic_result,shiftwork,categorical,nein,0.0057821832507301,122
pgic_result,working_hours_reduced,categorical,False,0.00868152794891941,113
pgic_result,working_hours_reduced,categorical,True,-0.021800281293952395,45
pgic_result,children,numeric,,-0.0238337865866702,74
pgic_result,headache_days_per_month,numeric,,0.2533111319160696,158
pgic_result,headache_days_severe_per_month,numeric,,0.2721340695254364,158
pgic_result,days_medication,numeric,,0.3316635885184056,158
pgic_result,intensity,numeric,,0.2363615381494174,158
pgic_result,days_lost_work,numeric,,0.15777013072228652,158
pgic_result,days_lost_household,numeric,,0.37273846494070745,158
pgic_result,days_doctor,numeric,,0.17589235075426057,158
pgic_result,days_ER,binary,,-0.07243072327749565,158
pgic_result,days_hospital,binary,,-0.008497459155460409,158
dass_depression,gender,categorical,männlich,1.9673333333333334,12
dass_depression,gender,categorical,weiblich,-0.20892035398230036,113
dass_depression,birthyear,numeric,,-0.12460514962826617,125
dass_depression,weight,numeric,,0.06607586333917202,125
dass_depression,pregnant,categorical,nein,0.02149178255372952,112
dass_depression,highest_degree,categorical,Abitur oder fachgebundene Hochschulreife,-0.31912499999999966,64
dass_depression,highest_degree,categorical,Fachhochschulreife,-0.05349999999999966,16
dass_depression,highest_degree,categorical,Mittlerer Schulabschluss (Realschulabschluss),0.38400000000000034,36
dass_depression,family_status,categorical,geschieden,0.984,10
dass_depression,family_status,categorical,ledig,-0.1670204081632649,49
dass_depression,family_status,categorical,verheiratet,-0.03787499999999966,64
dass_depression,current_employed,categorical,ja,-0.7359999999999998,100
dass_depression,current_employed,categorical,nein,2.944,25
dass_depression,working_hours_model,categorical,Teilzeit,0.35076923076923094,52
dass_depression,working_hours_model,categorical,Vollzeit,-0.3799999999999999,48
dass_depression,shiftwork,categorical,nein,-0.11157894736842078,95
dass_depression,working_hours_reduced,categorical,False,-0.4320919540229884,87
dass_depression,working_hours_reduced,categorical,True,0.9892631578947375,38
dass_depression,children,numeric,,-0.067018805536577,58
dass_depression,headache_days_per_month,numeric,,0.3646409018520042,125
dass_depression,headache_days_severe_per_month,numeric,,0.29622749840888113,125
dass_depression,days_medication,numeric,,0.21820574013345578,125
dass_depression,intensity,numeric,,0.20217388412569431,125
dass_depression,days_lost_work,numeric,,0.3132315053350766,125
dass_depression,days_lost_household,numeric,,0.39545592937853147,125
dass_depression,days_doctor,numeric,,0.29119790278013474,125
dass_depression,days_ER,binary,,-0.047829665159430185,125
dass_depression,days_hospital,binary,,-0.047829665159430185,125
dass_fear,gender,categorical,männlich,0.6280000000000001,12
dass_fear,gender,categorical,weiblich,-0.06669026548672541,113
dass_fear,birthyear,numeric,,-0.11583793081213878,125
dass_fear,weight,numeric,,0.09578784948996322,125
dass_fear,pregnant,categorical,nein,0.025047408343868316,112
dass_fear,highest_degree,categorical,Abitur oder fachgebundene Hochschulreife,-0.5594999999999999,64
dass_fear,highest_degree,categorical,Fachhochschulreife,-0.3094999999999999,16
dass_fear,highest_degree,categorical,Mittlerer Schulabschluss (Realschulabschluss),0.6557777777777778,36
dass_fear,family_status,categorical,geschieden,-0.8719999999999999,10
dass_fear,family_status,categorical,ledig,0.3320816326530611,49
dass_fear,family_status,categorical,verheiratet,-0.10637499999999989,64
dass_fear,current_employed,categorical,ja,-0.46199999999999974,100
dass_fear,current_employed,categorical,nein,1.8479999999999999,25
dass_fear,working_hours_model,categorical,Teilzeit,0.33999999999999986,52
dass_fear,working_hours_model,categorical,Vollzeit,-0.3683333333333336,48
dass_fear,shiftwork,categorical,nein,-0.10473684210526324,95
dass_fear,working_hours_reduced,categorical,False,-0.5041839080459769,87
dass_fear,working_hours_reduced,categorical,True,1.1543157894736842,38
dass_fear,children,numeric,,0.07977876835229479,58
dass_fear,headache_days_per_month,numeric,,0.22855992536586933,125
dass_fear,headache_days_severe_per_month,numeric,,0.22479780864866572,125
dass_fear,days_medication,numeric,,0.08754192940985617,125
dass_fear,intensity,numeric,,0.20696302572554245,125
dass_fear,days_lost_work,numeric,,0.13602517273839576,125
dass_fear,days_lost_household,numeric,,0.19931498441308113,125
dass_fear,days_doctor,numeric,,0.09229690189272288,125
dass_fear,days_ER,binary,,-0.0447514000484383,125
dass_fear,days_hospital,binary,,-0.0447514000484383,125
dass_stress,gender,categorical,männlich,2.4573333333333336,12
dass_stress,gender,categorical,weiblich,-0.2609557522123893,113
dass_stress,birthyear,numeric,,-0.06569290235999212,125
dass_stress,weight,numeric,,0.0849505552099153,125
dass_stress,pregnant,categorical,nein,-0.007901390644754258,112
dass_stress,highest_degree,categorical,Abitur oder fachgebundene Hochschulreife,-0.5947500000000003,64
dass_stress,highest_degree,categorical,Fachhochschulreife,1.7489999999999997,16
dass_stress,highest_degree,categorical,Mittlerer Schulabschluss (Realschulabschluss),-0.153777777777778,36
dass_stress,family_status,categorical,geschieden,-0.5760000000000005,10
dass_stress,family_status,categorical,ledig,-0.17191836734693933,49
dass_stress,family_status,categorical,verheiratet,0.24899999999999967,64
dass_stress,current_employed,categorical,ja,-0.5660000000000007,100
dass_stress,current_employed,categorical,nein,2.2640000000000002,25
dass_stress,working_hours_model,categorical,Teilzeit,0.8246153846153854,52
dass_stress,working_hours_model,categorical,Vollzeit,-0.8933333333333326,48
dass_stress,shiftwork,categorical,nein,-0.1994736842105258,95
dass_stress,working_hours_reduced,categorical,False,-0.7553103448275866,87
dass_stress,working_hours_reduced,categorical,True,1.729263157894736,38
dass_stress,children,numeric,,-0.23412917615391377,58
dass_stress,headache_days_per_month,numeric,,0.34362731026708226,125
dass_stress,headache_days_severe_per_month,numeric,,0.38206310537322563,125
dass_stress,days_medication,numeric,,0.1446103509091858,125
dass_stress,intensity,numeric,,0.31976586500931964,125
dass_stress,days_lost_work,numeric,,0.29832307915564765,125
dass_stress,days_lost_household,numeric,,0.37971966095159193,125
dass_stress,days_doctor,numeric,,0.3129774841437768,125
dass_stress,days_ER,binary,,0.010774201740722963,125
dass_stress,days_hospital,binary,,0.010774201740722963,125
midas_result,gender,categorical,männlich,8.839333333333336,12
midas_result,gender,categorical,weiblich,-0.9386902654867271,113
midas_result,birthyear,numeric,,0.011939908413445626,125
midas_result,weight,numeric,,0.051877165925230596,125
midas_result,pregnant,categorical,nein,-0.0553097345132727,112
midas_result,highest_degree,categorical,Abitur oder fachgebundene Hochschulreife,-0.22837499999999977,64
midas_result,highest_degree,categorical,Fachhochschulreife,4.4435,16
midas_result,highest_degree,categorical,Mittlerer Schulabschluss (Realschulabschluss),-0.2995555555555569,36
midas_result,family_status,categorical,geschieden,13.155999999999999,10
midas_result,family_status,categorical,ledig,4.521306122448976,49
midas_result,family_status,categorical,verheiratet,-5.744,64
midas_result,current_employed,categorical,ja,-4.434000000000001,100
midas_result,current_employed,categorical,nein,17.735999999999997,25
midas_result,working_hours_model,categorical,Teilzeit,1.3438461538461546,52
midas_result,working_hours_model,categorical,Vollzeit,-1.4558333333333309,48
midas_result,shiftwork,categorical,nein,-1.9731578947368398,95
midas_result,working_hours_reduced,categorical,False,-5.065839080459771,87
midas_result,working_hours_reduced,categorical,True,11.598105263157898,38
midas_result,children,numeric,,-0.09342851501674333,58
midas_result,headache_days_per_month,numeric,,0.5854454363933456,125
midas_result,headache_days_severe_per_month,numeric,,0.5867351362159055,125
midas_result,days_medication,numeric,,0.4639686962363852,125
midas_result,intensity,numeric,,0.4125292851777725,125
midas_result,days_lost_work,numeric,,0.524047257045092,125
midas_result,days_lost_household,numeric,,0.7719005440565265,125
midas_result,days_doctor,numeric,,0.4199557432377606,125
midas_result,days_ER,binary,,-0.055806937520180525,125
midas_result,days_hospital,binary,,-0.055806937520180525,125
gvas_result,gender,categorical,männlich,-9.896,12
gvas_result,gender,categorical,weiblich,1.050902654867258,113
gvas_result,birthyear,numeric,,-0.03493369952707138,125
gvas_result,weight,numeric,,-0.13995821942698208,125
gvas_result,pregnant,categorical,nein,0.24059734513274122,112
gvas_result,highest_degree,categorical,Abitur oder fachgebundene Hochschulreife,-0.3803750000000008,64
gvas_result,highest_degree,categorical,Fachhochschulreife,-2.146000000000001,16
gvas_result,highest_degree,categorical,Mittlerer Schulabschluss (Realschulabschluss),2.492888888888885,36
gvas_result,family_status,categorical,geschieden,1.304000000000002,10
gvas_result,family_status,categorical,ledig,-3.202122448979594,49
gvas_result,family_status,categorical,verheiratet,2.260249999999999,64
gvas_result,current_employed,categorical,ja,2.8939999999999984,100
gvas_result,current_employed,categorical,nein,-11.576,25
gvas_result,working_hours_model,categorical,Teilzeit,-1.5976923076923057,52
gvas_result,working_hours_model,categorical,Vollzeit,1.7308333333333366,48
gvas_result,shiftwork,categorical,nein,-0.09526315789473472,95
gvas_result,working_hours_reduced,categorical,False,1.4718160919540253,87
gvas_result,working_hours_reduced,categorical,True,-3.369684210526316,38
gvas_result,children,numeric,,0.13343252900685393,58
gvas_result,headache_days_per_month,numeric,,-0.47786858955772443,125
gvas_result,headache_days_severe_per_month,numeric,,-0.4205698775249471,125
gvas_result,days_medication,numeric,,-0.29501460431300447,125
gvas_result,intensity,numeric,,-0.2531615888233817,125
gvas_result,days_lost_work,numeric,,-0.27498049489569426,125
gvas_result,days_lost_household,numeric,,-0.46822517508811906,125
gvas_result,days_doctor,numeric,,-0.36225191776321564,125
gvas_result,days_ER,binary,,-0.003871298944581084,125
gvas_result,days_hospital,binary,,-0.003871298944581084,125
pgic_result,gender,categorical,männlich,-0.07533333333333347,12
pgic_result,gender,categorical,weiblich,0.008000000000000007,113
pgic_result,birthyear,numeric,,0.100807867162849,125
pgic_result,weight,numeric,,-0.058150868437792026,125
pgic_result,pregnant,categorical,nein,0.0,112
pgic_result,highest_degree,categorical,Abitur oder fachgebundene Hochschulreife,0.08612500000000001,64
pgic_result,highest_degree,categorical,Fachhochschulreife,0.008000000000000007,16
pgic_result,highest_degree,categorical,Mittlerer Schulabschluss (Realschulabschluss),0.035777777777777686,36
pgic_result,family_status,categorical,geschieden,-0.3919999999999999,10
pgic_result,family_status,categorical,ledig,0.1916734693877551,49
pgic_result,family_status,categorical,verheiratet,-0.07012499999999999,64
pgic_result,current_employed,categorical,ja,-0.03200000000000003,100
pgic_result,current_employed,categorical,nein,0.1280000000000001,25
pgic_result,working_hours_model,categorical,Teilzeit,0.0592307692307692,52
pgic_result,working_hours_model,categorical,Vollzeit,-0.06416666666666648,48
pgic_result,shiftwork,categorical,nein,-0.023157894736842266,95
pgic_result,working_hours_reduced,categorical,False,-0.08395402298850563,87
pgic_result,working_hours_reduced,categorical,True,0.1922105263157894,38
pgic_result,children,numeric,,-0.1091083364536945,58
pgic_result,headache_days_per_month,numeric,,0.3453101317821101,125
pgic_result,headache_days_severe_per_month,numeric,,0.45118266901221615,125
pgic_result,days_medication,numeric,,0.3501934563803289,125
pgic_result,intensity,numeric,,0.3885426093392121,125
pgic_result,days_lost_work,numeric,,0.16062342594567103,125
pgic_result,days_lost_household,numeric,,0.43001543883951204,125
pgic_result,days_doctor,numeric,,0.20966550918255045,125
pgic_result,days_ER,binary,,0.0005529694730060657,125
pgic_result,days_hospital,binary,,0.0005529694730060657,125
dass_depression,gender,categorical,weiblich,-0.1370323178501094,89
dass_depression,birthyear,numeric,,-0.1412255247812719,97
dass_depression,weight,numeric,,-0.005208711364159318,97
dass_depression,pregnant,categorical,nein,0.027896164277411373,87
dass_depression,highest_degree,categorical,Abitur oder fachgebundene Hochschulreife,-0.5073782090155645,51
dass_depression,highest_degree,categorical,Fachhochschulreife,-1.1005154639175254,12
dass_depression,highest_degree,categorical,Mittlerer Schulabschluss (Realschulabschluss),1.3161512027491415,27
dass_depression,family_status,categorical,ledig,0.23281786941580762,36
dass_depression,family_status,categorical,verheiratet,-0.13482918940772137,51
dass_depression,current_employed,categorical,ja,-0.6796293879681583,79
dass_depression,current_employed,categorical,nein,2.9828178694158076,18
dass_depression,working_hours_model,categorical,Teilzeit,0.2204182718767198,46
dass_depression,working_hours_model,categorical,Vollzeit,-0.30724971231300335,33
dass_depression,shiftwork,categorical,nein,-0.026149233844103836,76
dass_depression,working_hours_reduced,categorical,False,-0.3358095815645843,68
dass_depression,working_hours_reduced,categorical,True,0.7874155705652335,29
dass_depression,children,numeric,,0.042945515862683435,46
dass_depression,headache_days_per_month,numeric,,0.40616889580781634,97
dass_depression,headache_days_severe_per_month,numeric,,0.41337105606883395,97
dass_depression,days_medication,numeric,,0.27498683713042504,97
dass_depression,intensity,numeric,,0.3774049168973177,97
dass_depression,days_lost_work,numeric,,0.4202133581587953,97
dass_depression,days_lost_household,numeric,,0.5183520293665719,97
dass_depression,days_doctor,numeric,,0.2346051616053984,97
dass_depression,days_ER,binary,,-0.05584404174029824,97
dass_fear,gender,categorical,weiblich,-0.10297694891694675,89
dass_fear,birthyear,numeric,,-0.1259190814905669,97
dass_fear,weight,numeric,,-0.07223347361821782,97
dass_fear,pregnant,categorical,nein,0.03164148262947197,87
dass_fear,highest_degree,categorical,Abitur oder fachgebundene Hochschulreife,-0.5872245805538712,51
dass_fear,highest_degree,categorical,Fachhochschulreife,-0.8960481099656357,12
dass_fear,highest_degree,categorical,Mittlerer Schulabschluss (Realschulabschluss),1.057655593738068,27
dass_fear,family_status,categorical,ledig,-0.0904925544100803,36
dass_fear,family_status,categorical,verheiratet,0.07944208611279535,51
dass_fear,current_employed,categorical,ja,-0.4730523293749185,79
dass_fear,current_employed,categorical,nein,2.076174112256586,18
dass_fear,working_hours_model,categorical,Teilzeit,0.6023665382498624,46
dass_fear,working_hours_model,categorical,Vollzeit,-0.8396624472573839,33
dass_fear,shiftwork,categorical,nein,-0.006329113924050667,76
dass_fear,working_hours_reduced,categorical,False,-0.5087932080048514,68
dass_fear,working_hours_reduced,categorical,True,1.1930323498044793,29
dass_fear,children,numeric,,0.13226530178584722,46
dass_fear,headache_days_per_month,numeric,,0.24708669640861802,97
dass_fear,headache_days_severe_per_month,numeric,,0.2844734699729102,97
dass_fear,days_medication,numeric,,0.13209848585958855,97
dass_fear,intensity,numeric,,0.2937527295948636,97
dass_fear,days_lost_work,numeric,,0.19740069755355655,97
dass_fear,days_lost_household,numeric,,0.32319261491213414,97
dass_fear,days_doctor,numeric,,0.09455326642991264,97
dass_fear,days_ER,binary,,0.06021037408441456,97
dass_stress,gender,categorical,weiblich,0.005444225645777401,89
dass_stress,birthyear,numeric,,-0.09532135984631858,97
dass_stress,weight,numeric,,0.004501706715386921,97
dass_stress,pregnant,categorical,nein,-0.053080201472297084,87
dass_stress,highest_degree,categorical,Abitur oder fachgebundene Hochschulreife,-0.6169395593288867,51
dass_stress,highest_degree,categorical,Fachhochschulreife,-0.2689003436426116,12
dass_stress,highest_degree,categorical,Mittlerer Schulabschluss (Realschulabschluss),0.9255441008018321,27
dass_stress,family_status,categorical,ledig,0.5088774341351661,36
dass_stress,family_status,categorical,verheiratet,-0.18556701030927858,51
dass_stress,current_employed,categorical,ja,-0.5399973900561141,79
dass_stress,current_employed,categorical,nein,2.369988545246277,18
dass_stress,working_hours_model,categorical,Teilzeit,0.5283434232250963,46
dass_stress,working_hours_model,categorical,Vollzeit,-0.7364787111622553,33
dass_stress,shiftwork,categorical,nein,-0.07978014656895382,76
dass_stress,working_hours_reduced,categorical,False,-0.5826258338386907,68
dass_stress,working_hours_reduced,categorical,True,1.3661571276217561,29
dass_stress,children,numeric,,-0.09503299854978245,46
dass_stress,headache_days_per_month,numeric,,0.3849900235682147,97
dass_stress,headache_days_severe_per_month,numeric,,0.41972793211753157,97
dass_stress,days_medication,numeric,,0.2117556425315605,97
dass_stress,intensity,numeric,,0.35088650101574137,97
dass_stress,days_lost_work,numeric,,0.3383264774826765,97
dass_stress,days_lost_household,numeric,,0.41686188548672304,97
dass_stress,days_doctor,numeric,,0.2841196295574854,97
dass_stress,days_ER,binary,,-0.07512771733230748,97
midas_result,gender,categorical,weiblich,0.7814201320514336,89
midas_result,birthyear,numeric,,0.09862118386738593,97
midas_result,weight,numeric,,0.004564089909653444,97
midas_result,pregnant,categorical,nein,-0.6040294459511841,87
midas_result,highest_degree,categorical,Abitur oder fachgebundene Hochschulreife,-5.1883970082878506,51
midas_result,highest_degree,categorical,Fachhochschulreife,1.4733676975945045,12
midas_result,highest_degree,categorical,Mittlerer Schulabschluss (Realschulabschluss),14.075219549446356,27
midas_result,family_status,categorical,ledig,2.8622565864833938,36
midas_result,family_status,categorical,verheiratet,-6.8942793612290245,51
midas_result,current_employed,categorical,ja,-2.7217799817303927,79
midas_result,current_employed,categorical,nein,11.945589919816722,18
midas_result,working_hours_model,categorical,Teilzeit,0.756741882223448,46
midas_result,working_hours_model,categorical,Vollzeit,-1.0548523206751028,33
midas_result,shiftwork,categorical,nein,0.41005996002665057,76
midas_result,working_hours_reduced,categorical,False,-1.1197695573074569,68
midas_result,working_hours_reduced,categorical,True,2.6256665481692174,29
midas_result,children,numeric,,-0.10302420142841366,46
midas_result,headache_days_per_month,numeric,,0.6300539512612098,97
midas_result,headache_days_severe_per_month,numeric,,0.6634809025326328,97
midas_result,days_medication,numeric,,0.5677628899246847,97
midas_result,intensity,numeric,,0.5070099951204228,97
midas_result,days_lost_work,numeric,,0.5386010809995597,97
midas_result,days_lost_household,numeric,,0.8175475885400816,97
midas_result,days_doctor,numeric,,0.41539240012269807,97
midas_result,days_ER,binary,,-0.05145665805637274,97
gvas_result,gender,categorical,weiblich,0.3039499594578885,89
gvas_result,birthyear,numeric,,0.12524678197856534,97
gvas_result,weight,numeric,,-0.07099393144842733,97
gvas_result,pregnant,categorical,nein,0.33759524732016644,87
gvas_result,highest_degree,categorical,Abitur oder fachgebundene Hochschulreife,1.167576308874061,51
gvas_result,highest_degree,categorical,Fachhochschulreife,-2.1314432989690744,12
gvas_result,highest_degree,categorical,Mittlerer Schulabschluss (Realschulabschluss),-0.7518136693394482,27
gvas_result,family_status,categorical,ledig,-2.2425544100801886,36
gvas_result,family_status,categorical,verheiratet,1.461693955932887,51
gvas_result,current_employed,categorical,ja,2.213493409891683,79
gvas_result,current_employed,categorical,nein,-9.71477663230241,18
gvas_result,working_hours_model,categorical,Teilzeit,-4.399284534947711,46
gvas_result,working_hours_model,categorical,Vollzeit,6.132336018411969,33
gvas_result,shiftwork,categorical,nein,-0.5554630246502299,76
gvas_result,working_hours_reduced,categorical,False,2.0744390539720996,68
gvas_result,working_hours_reduced,categorical,True,-4.864201919658733,29
gvas_result,children,numeric,,0.2733977185603256,46
gvas_result,headache_days_per_month,numeric,,-0.40739984155347914,97
gvas_result,headache_days_severe_per_month,numeric,,-0.4096116454339044,97
gvas_result,days_medication,numeric,,-0.3747709337304828,97
gvas_result,intensity,numeric,,-0.31008963394146366,97
gvas_result,days_lost_work,numeric,,-0.19756116743396562,97
gvas_result,days_lost_household,numeric,,-0.3990214187654423,97
gvas_result,days_doctor,numeric,,-0.15184533559254898,97
gvas_result,days_ER,binary,,-0.09235275558723356,97
pgic_result,gender,categorical,weiblich,-0.0066025715278579256,89
pgic_result,birthyear,numeric,,-0.17517726216416274,97
pgic_result,weight,numeric,,0.055787145598568975,97
pgic_result,pregnant,categorical,nein,-0.010461061604029709,87
pgic_result,highest_degree,categorical,Abitur oder fachgebundene Hochschulreife,-0.1299777643015969,51
pgic_result,highest_degree,categorical,Fachhochschulreife,0.19845360824742286,12
pgic_result,highest_degree,categorical,Mittlerer Schulabschluss (Realschulabschluss),0.17067583046964518,27
pgic_result,family_status,categorical,ledig,0.19845360824742286,36
pgic_result,family_status,categorical,verheiratet,-0.11036992116434163,51
pgic_result,current_employed,categorical,ja,-0.1274957588411847,79
pgic_result,current_employed,categorical,nein,0.5595647193585336,18
pgic_result,working_hours_model,categorical,Teilzeit,0.14116675839295523,46
pgic_result,working_hours_model,categorical,Vollzeit,-0.19677790563866537,33
pgic_result,shiftwork,categorical,nein,0.02331778814123897,76
pgic_result,working_hours_reduced,categorical,False,-0.16919345057610657,68
pgic_result,working_hours_reduced,categorical,True,0.39672947031638817,29
pgic_result,children,numeric,,0.12678363563332057,46
pgic_result,headache_days_per_month,numeric,,0.31074866403492146,97
pgic_result,headache_days_severe_per_month,numeric,,0.33478886136719227,97
pgic_result,days_medication,numeric,,0.37730202117949735,97
pgic_result,intensity,numeric,,0.3452388193017256,97
pgic_result,days_lost_work,numeric,,0.17428820499003844,97
pgic_result,days_lost_household,numeric,,0.3522090664122515,97
pgic_result,days_doctor,numeric,,0.08723926143703994,97
pgic_result,days_ER,binary,,0.08823731421259,97
dass_depression,gender,categorical,weiblich,-0.047794117647058876,64
dass_depression,birthyear,numeric,,-0.053801362046751094,68
dass_depression,weight,numeric,,0.006691489245875783,68
dass_depression,pregnant,categorical,nein,0.08669354838709697,62
dass_depression,highest_degree,categorical,Abitur oder fachgebundene Hochschulreife,-0.08664546899841019,37
dass_depression,highest_degree,categorical,Mittlerer Schulabschluss (Realschulabschluss),0.3823529411764701,17
dass_depression,family_status,categorical,ledig,0.44989106753812624,27
dass_depression,family_status,categorical,verheiratet,-0.2647058823529411,34
dass_depression,current_employed,categorical,ja,-0.30906460945033754,61
dass_depression,working_hours_model,categorical,Teilzeit,0.32377049180327866,36
dass_depression,working_hours_model,categorical,Vollzeit,-0.4662295081967214,25
dass_depression,shiftwork,categorical,nein,-0.13312605992085924,58
dass_depression,working_hours_reduced,categorical,False,-0.49616368286445,46
dass_depression,working_hours_reduced,categorical,True,1.0374331550802136,22
dass_depression,children,numeric,,-0.04933023116213414,31
dass_depression,headache_days_per_month,numeric,,0.2817326442273032,68
dass_depression,headache_days_severe_per_month,numeric,,0.3276748859877001,68
dass_depression,days_medication,numeric,,0.04550698180160544,68
dass_depression,intensity,numeric,,0.16629550306912444,68
dass_depression,days_lost_work,numeric,,0.36213099374029695,68
dass_depression,days_lost_household,numeric,,0.4990111323214953,68
dass_depression,days_doctor,numeric,,0.2151692769589896,68
dass_depression,days_ER,binary,,-0.05120538773117081,68
dass_fear,gender,categorical,weiblich,0.06341911764705888,64
dass_fear,birthyear,numeric,,-0.0775970564032988,68
dass_fear,weight,numeric,,0.035701797265671756,68
dass_fear,pregnant,categorical,nein,0.03477822580645151,62
dass_fear,highest_degree,categorical,Abitur oder fachgebundene Hochschulreife,-0.5957869634340223,37
dass_fear,highest_degree,categorical,Mittlerer Schulabschluss (Realschulabschluss),0.4852941176470589,17
dass_fear,family_status,categorical,ledig,0.07788671023965144,27
dass_fear,family_status,categorical,verheiratet,0.13235294117647056,34
dass_fear,current_employed,categorical,ja,-0.17044358727097375,61
dass_fear,working_hours_model,categorical,Teilzeit,0.5168488160291438,36
dass_fear,working_hours_model,categorical,Vollzeit,-0.7442622950819673,25
dass_fear,shiftwork,categorical,nein,-0.13736574335782947,58
dass_fear,working_hours_reduced,categorical,False,-0.4712276214833757,46
dass_fear,working_hours_reduced,categorical,True,0.9852941176470589,22
dass_fear,children,numeric,,0.16966652211847713,31
dass_fear,headache_days_per_month,numeric,,0.13181785898303008,68
dass_fear,headache_days_severe_per_month,numeric,,0.3156879536389325,68
dass_fear,days_medication,numeric,,-0.059459770252538485,68
dass_fear,intensity,numeric,,0.17309062133061026,68
dass_fear,days_lost_work,numeric,,0.2610552659262599,68
dass_fear,days_lost_household,numeric,,0.3647935857610769,68
dass_fear,days_doctor,numeric,,0.06995169242607732,68
dass_fear,days_ER,binary,,-0.02620457198772111,68
dass_stress,gender,categorical,weiblich,0.05974264705882337,64
dass_stress,birthyear,numeric,,-0.11117428966987741,68
dass_stress,weight,numeric,,0.08072504275442317,68
dass_stress,pregnant,categorical,nein,0.07308467741935498,62
dass_stress,highest_degree,categorical,Abitur oder fachgebundene Hochschulreife,-0.6923688394276635,37
dass_stress,highest_degree,categorical,Mittlerer Schulabschluss (Realschulabschluss),0.4411764705882355,17
dass_stress,family_status,categorical,ledig,0.2015250544662308,27
dass_stress,family_status,categorical,verheiratet,-0.14705882352941213,34
dass_stress,current_employed,categorical,ja,-0.4353905496624879,61
dass_stress,working_hours_model,categorical,Teilzeit,0.6739526411657559,36
dass_stress,working_hours_model,categorical,Vollzeit,-0.9704918032786889,25
dass_stress,shiftwork,categorical,nein,-0.149802148106275,58
dass_stress,working_hours_reduced,categorical,False,-0.5102301790281327,46
dass_stress,working_hours_reduced,categorical,True,1.0668449197860959,22
dass_stress,children,numeric,,-0.008502326308935442,31
dass_stress,headache_days_per_month,numeric,,0.2728855204426724,68
dass_stress,headache_days_severe_per_month,numeric,,0.42445972033299306,68
dass_stress,days_medication,numeric,,0.012018181015480694,68
dass_stress,intensity,numeric,,0.38940186838945473,68
dass_stress,days_lost_work,numeric,,0.28916310983897414,68
dass_stress,days_lost_household,numeric,,0.4482600488984626,68
dass_stress,days_doctor,numeric,,0.2262627233942196,68
dass_stress,days_ER,binary,,-0.04342345755780013,68
midas_result,gender,categorical,weiblich,0.625,64
midas_result,birthyear,numeric,,-0.027032452326427373,68
midas_result,weight,numeric,,0.02768751465967495,68
midas_result,pregnant,categorical,nein,-1.116935483870968,62
midas_result,highest_degree,categorical,Abitur oder fachgebundene Hochschulreife,-3.3175675675675684,37
midas_result,highest_degree,categorical,Mittlerer Schulabschluss (Realschulabschluss),12.426470588235297,17
midas_result,family_status,categorical,ledig,2.435185185185187,27
midas_result,family_status,categorical,verheiratet,-4.867647058823529,34
midas_result,current_employed,categorical,ja,0.3647540983606561,61
midas_result,working_hours_model,categorical,Teilzeit,0.4130236794171225,36
midas_result,working_hours_model,categorical,Vollzeit,-0.5947540983606565,25
midas_result,shiftwork,categorical,nein,0.8162803843979631,58
midas_result,working_hours_reduced,categorical,False,-4.163043478260871,46
midas_result,working_hours_reduced,categorical,True,8.704545454545453,22
midas_result,children,numeric,,-0.1459397055437905,31
midas_result,headache_days_per_month,numeric,,0.43932600307391534,68
midas_result,headache_days_severe_per_month,numeric,,0.543172199240676,68
midas_result,days_medication,numeric,,0.20377169457566804,68
midas_result,intensity,numeric,,0.5133543375133177,68
midas_result,days_lost_work,numeric,,0.5554126445244794,68
midas_result,days_lost_household,numeric,,0.743208859386531,68
midas_result,days_doctor,numeric,,0.33805135255933816,68
midas_result,days_ER,binary,,-0.023965810990450153,68
gvas_result,gender,categorical,weiblich,0.15073529411764497,64
gvas_result,birthyear,numeric,,-0.05407936643741246,68
gvas_result,weight,numeric,,-0.026433444598049957,68
gvas_result,pregnant,categorical,nein,0.06653225806451957,62
gvas_result,highest_degree,categorical,Abitur oder fachgebundene Hochschulreife,0.4531001589825081,37
gvas_result,highest_degree,categorical,Mittlerer Schulabschluss (Realschulabschluss),2.882352941176471,17
gvas_result,family_status,categorical,ledig,-1.930283224400874,27
gvas_result,family_status,categorical,verheiratet,1.352941176470587,34
gvas_result,current_employed,categorical,ja,0.21118611378977903,61
gvas_result,working_hours_model,categorical,Teilzeit,-4.650728597449913,36
gvas_result,working_hours_model,categorical,Vollzeit,6.697049180327866,25
gvas_result,shiftwork,categorical,nein,0.06670435274165953,58
gvas_result,working_hours_reduced,categorical,False,1.5447570332480822,46
gvas_result,working_hours_reduced,categorical,True,-3.229946524064175,22
gvas_result,children,numeric,,0.22528343099756812,31
gvas_result,headache_days_per_month,numeric,,-0.26754003370332935,68
gvas_result,headache_days_severe_per_month,numeric,,-0.292564269665091,68
gvas_result,days_medication,numeric,,-0.2013892792685212,68
gvas_result,intensity,numeric,,-0.1437670269656594,68
gvas_result,days_lost_work,numeric,,-0.31771115082571794,68
gvas_result,days_lost_household,numeric,,-0.39826857832727663,68
gvas_result,days_doctor,numeric,,-0.1762827719230959,68
gvas_result,days_ER,binary,,-0.003626023693176147,68
pgic_result,gender,categorical,weiblich,0.03400735294117663,64
pgic_result,birthyear,numeric,,0.15185962519580365,68
pgic_result,weight,numeric,,-0.14682265681418852,68
pgic_result,pregnant,categorical,nein,-0.02973790322580605,62
pgic_result,highest_degree,categorical,Abitur oder fachgebundene Hochschulreife,-0.017090620031796178,37
pgic_result,highest_degree,categorical,Mittlerer Schulabschluss (Realschulabschluss),0.07352941176470562,17
pgic_result,family_status,categorical,ledig,0.28921568627450966,27
pgic_result,family_status,categorical,verheiratet,-0.1617647058823528,34
pgic_result,current_employed,categorical,ja,0.037849566055930595,61
pgic_result,working_hours_model,categorical,Teilzeit,0.14025500910746835,36
pgic_result,working_hours_model,categorical,Vollzeit,-0.20196721311475407,25
pgic_result,shiftwork,categorical,nein,-0.03024307518371927,58
pgic_result,working_hours_reduced,categorical,False,-0.08759590792838878,46
pgic_result,working_hours_reduced,categorical,True,0.18315508021390414,22
pgic_result,children,numeric,,0.0247336595261754,31
pgic_result,headache_days_per_month,numeric,,0.08049536760759704,68
pgic_result,headache_days_severe_per_month,numeric,,0.15738565633816873,68
pgic_result,days_medication,numeric,,0.06816187874065291,68
pgic_result,intensity,numeric,,0.11444201935401115,68
pgic_result,days_lost_work,numeric,,0.2984661448572176,68
pgic_result,days_lost_household,numeric,,0.38418574932298666,68
pgic_result,days_doctor,numeric,,0.1812842813622682,68
pgic_result,days_ER,binary,,-0.08478503757490145,68
dass_depression,gender,categorical,weiblich,0.11655328798185938,45
dass_depression,birthyear,numeric,,-0.09688013281913171,49
dass_depression,weight,numeric,,-0.0975723066602306,49
dass_depression,pregnant,categorical,nein,0.12454780361757045,43
dass_depression,highest_degree,categorical,Abitur oder fachgebundene Hochschulreife,-0.2150706436420724,26
dass_depression,highest_degree,categorical,Mittlerer Schulabschluss (Realschulabschluss),-0.06122448979591866,12
dass_depression,family_status,categorical,ledig,-0.06122448979591866,17
dass_depression,family_status,categorical,verheiratet,0.32339089481946637,26
dass_depression,current_employed,categorical,ja,0.13877551020408152,45
dass_depression,working_hours_model,categorical,Teilzeit,0.7259259259259254,27
dass_depression,working_hours_model,categorical,Vollzeit,-1.088888888888889,18
dass_depression,shiftwork,categorical,nein,-0.08095238095238155,42
dass_depression,working_hours_reduced,categorical,False,-1.1257406188281767,31
dass_depression,working_hours_reduced,categorical,True,1.9387755102040813,18
dass_depression,headache_days_per_month,numeric,,0.4743956927508363,49
dass_depression,headache_days_severe_per_month,numeric,,0.27787999041137024,49
dass_depression,days_medication,numeric,,0.18745479866163844,49
dass_depression,intensity,numeric,,0.15133050743846183,49
dass_depression,days_lost_work,numeric,,0.5483026304937193,49
dass_depression,days_lost_household,numeric,,0.49386549454980694,49
dass_depression,days_doctor,numeric,,0.2802434852056031,49
dass_fear,gender,categorical,weiblich,0.023129251700680253,45
dass_fear,birthyear,numeric,,-0.22978020504662022,49
dass_fear,weight,numeric,,-0.08636649253517695,49
dass_fear,pregnant,categorical,nein,0.04806201550387623,43
dass_fear,highest_degree,categorical,Abitur oder fachgebundene Hochschulreife,-0.3563579277864992,26
dass_fear,highest_degree,categorical,Mittlerer Schulabschluss (Realschulabschluss),0.739795918367347,12
dass_fear,family_status,categorical,ledig,-0.510204081632653,17
dass_fear,family_status,categorical,verheiratet,0.7205651491365779,26
dass_fear,current_employed,categorical,ja,0.11201814058956927,45
dass_fear,working_hours_model,categorical,Teilzeit,1.1555555555555554,27
dass_fear,working_hours_model,categorical,Vollzeit,-1.7333333333333334,18
dass_fear,shiftwork,categorical,nein,-0.07460317460317478,42
dass_fear,working_hours_reduced,categorical,False,-0.9295589203423305,31
dass_fear,working_hours_reduced,categorical,True,1.6009070294784578,18
dass_fear,headache_days_per_month,numeric,,0.37694563646380636,49
dass_fear,headache_days_severe_per_month,numeric,,0.4117961661240563,49
dass_fear,days_medication,numeric,,0.0672007158632669,49
dass_fear,intensity,numeric,,0.3497547837493927,49
dass_fear,days_lost_work,numeric,,0.437941085826476,49
dass_fear,days_lost_household,numeric,,0.42823542942164583,49
dass_fear,days_doctor,numeric,,0.17569078336507915,49
dass_stress,gender,categorical,weiblich,0.17551020408163343,45
dass_stress,birthyear,numeric,,-0.29414376264262126,49
dass_stress,weight,numeric,,-0.04268947945607887,49
dass_stress,pregnant,categorical,nein,0.15813953488372068,43
dass_stress,highest_degree,categorical,Abitur oder fachgebundene Hochschulreife,-0.9167974882260594,26
dass_stress,highest_degree,categorical,Mittlerer Schulabschluss (Realschulabschluss),0.10884353741496611,12
dass_stress,family_status,categorical,ledig,-0.8127250900360137,17
dass_stress,family_status,categorical,verheiratet,0.5447409733124022,26
dass_stress,current_employed,categorical,ja,0.04217687074829968,45
dass_stress,working_hours_model,categorical,Teilzeit,1.659259259259259,27
dass_stress,working_hours_model,categorical,Vollzeit,-2.488888888888889,18
dass_stress,shiftwork,categorical,nein,-0.31428571428571406,42
dass_stress,working_hours_reduced,categorical,False,-1.063199473337722,31
dass_stress,working_hours_reduced,categorical,True,1.8310657596371884,18
dass_stress,headache_days_per_month,numeric,,0.4054000661454602,49
dass_stress,headache_days_severe_per_month,numeric,,0.37276538372534057,49
dass_stress,days_medication,numeric,,0.029539804108305843,49
dass_stress,intensity,numeric,,0.2546314455003346,49
dass_stress,days_lost_work,numeric,,0.6469146307178066,49
dass_stress,days_lost_household,numeric,,0.514875312893865,49
dass_stress,days_doctor,numeric,,0.45159155549317304,49
midas_result,gender,categorical,weiblich,0.2566893424036323,45
midas_result,birthyear,numeric,,0.015210391484680473,49
midas_result,weight,numeric,,-0.05005113128540762,49
midas_result,pregnant,categorical,nein,0.3788113695090445,43
midas_result,highest_degree,categorical,Abitur oder fachgebundene Hochschulreife,-3.580062794348507,26
midas_result,highest_degree,categorical,Mittlerer Schulabschluss (Realschulabschluss),21.945578231292522,12
midas_result,family_status,categorical,ledig,-2.8583433373349294,17
midas_result,family_status,categorical,verheiratet,-2.73390894819466,26
midas_result,current_employed,categorical,ja,0.8566893424036337,45
midas_result,working_hours_model,categorical,Teilzeit,2.422222222222217,27
midas_result,working_hours_model,categorical,Vollzeit,-3.6333333333333364,18
midas_result,shiftwork,categorical,nein,1.5412698412698376,42
midas_result,working_hours_reduced,categorical,False,-6.387755102040813,31
midas_result,working_hours_reduced,categorical,True,11.001133786848072,18
midas_result,headache_days_per_month,numeric,,0.6365205783895374,49
midas_result,headache_days_severe_per_month,numeric,,0.6472880185799519,49
midas_result,days_medication,numeric,,0.24632487072847176,49
midas_result,intensity,numeric,,0.4689374565983256,49
midas_result,days_lost_work,numeric,,0.579088297751363,49
midas_result,days_lost_household,numeric,,0.8397914270095173,49
midas_result,days_doctor,numeric,,0.4206034396292731,49
gvas_result,gender,categorical,weiblich,0.22494331065759354,45
gvas_result,birthyear,numeric,,0.14018407546089215,49
gvas_result,weight,numeric,,0.16402538251174922,49
gvas_result,pregnant,categorical,nein,-1.3834625322997383,43
gvas_result,highest_degree,categorical,Abitur oder fachgebundene Hochschulreife,1.4309262166405006,26
gvas_result,highest_degree,categorical,Mittlerer Schulabschluss (Realschulabschluss),-2.5306122448979593,12
gvas_result,family_status,categorical,ledig,5.939975990396157,17
gvas_result,family_status,categorical,verheiratet,-2.5306122448979593,26
gvas_result,current_employed,categorical,ja,-0.2861678004535122,45
gvas_result,working_hours_model,categorical,Teilzeit,-4.207407407407409,27
gvas_result,working_hours_model,categorical,Vollzeit,6.31111111111111,18
gvas_result,shiftwork,categorical,nein,-0.5777777777777828,42
gvas_result,working_hours_reduced,categorical,False,3.1145490454246243,31
gvas_result,working_hours_reduced,categorical,True,-5.363945578231295,18
gvas_result,headache_days_per_month,numeric,,-0.5494787159727774,49
gvas_result,headache_days_severe_per_month,numeric,,-0.34464257740305154,49
gvas_result,days_medication,numeric,,-0.2330475324857072,49
gvas_result,intensity,numeric,,-0.3316799931315515,49
gvas_result,days_lost_work,numeric,,-0.45694448169489826,49
gvas_result,days_lost_household,numeric,,-0.47951195474219194,49
gvas_result,days_doctor,numeric,,-0.21252288087785146,49
pgic_result,gender,categorical,weiblich,0.04444444444444429,45
pgic_result,birthyear,numeric,,0.06616825815171967,49
pgic_result,weight,numeric,,-0.22108685965274613,49
pgic_result,pregnant,categorical,nein,0.0950904392764862,43
pgic_result,highest_degree,categorical,Abitur oder fachgebundene Hochschulreife,-0.0769230769230771,26
pgic_result,highest_degree,categorical,Mittlerer Schulabschluss (Realschulabschluss),0.16666666666666696,12
pgic_result,family_status,categorical,ledig,-0.2941176470588234,17
pgic_result,family_status,categorical,verheiratet,0.23076923076923084,26
pgic_result,current_employed,categorical,ja,0.08888888888888857,45
pgic_result,working_hours_model,categorical,Teilzeit,0.059259259259259345,27
pgic_result,working_hours_model,categorical,Vollzeit,-0.08888888888888857,18
pgic_result,shiftwork,categorical,nein,-0.04126984126984112,42
pgic_result,working_hours_reduced,categorical,False,-0.16129032258064502,31
pgic_result,working_hours_reduced,categorical,True,0.2777777777777777,18
pgic_result,headache_days_per_month,numeric,,0.4246122043630557,49
pgic_result,headache_days_severe_per_month,numeric,,0.42864318662585027,49
pgic_result,days_medication,numeric,,0.29759889205912204,49
pgic_result,intensity,numeric,,0.3705448785486074,49
pgic_result,days_lost_work,numeric,,0.46838499898532787,49
pgic_result,days_lost_household,numeric,,0.460702488504975,49
pgic_result,days_doctor,numeric,,0.033161483735808926,49
dass_depression,gender,categorical,weiblich,-0.06175115207373283,31
dass_depression,birthyear,numeric,,-0.29104109588593063,35
dass_depression,weight,numeric,,0.16199792962493964,35
dass_depression,pregnant,categorical,nein,0.0,31
dass_depression,highest_degree,categorical,Abitur oder fachgebundene Hochschulreife,-0.613533834586466,19
dass_depression,family_status,categorical,verheiratet,-0.20621118012422368,23
dass_depression,current_employed,categorical,ja,0.16607142857142865,32
dass_depression,working_hours_model,categorical,Teilzeit,0.24431818181818166,22
dass_depression,working_hours_model,categorical,Vollzeit,-0.5375000000000001,10
dass_depression,shiftwork,categorical,nein,0.09583333333333321,30
dass_depression,working_hours_reduced,categorical,False,-1.4556390977443607,19
dass_depression,working_hours_reduced,categorical,True,1.7285714285714286,16
dass_depression,headache_days_per_month,numeric,,0.5153394229957854,35
dass_depression,headache_days_severe_per_month,numeric,,0.4110785265114096,35
dass_depression,days_medication,numeric,,0.4259552978496679,35
dass_depression,intensity,numeric,,0.16479155529587466,35
dass_depression,days_lost_work,numeric,,0.26293012194117715,35
dass_depression,days_lost_household,numeric,,0.4290047439162595,35
dass_depression,days_doctor,numeric,,0.2693890099226708,35
dass_depression,days_ER,binary,,0.12615945122665728,35
dass_fear,gender,categorical,weiblich,-0.015668202764977046,31
dass_fear,birthyear,numeric,,-0.1936273620587187,35
dass_fear,weight,numeric,,0.021506132647595294,35
dass_fear,pregnant,categorical,nein,0.0,31
dass_fear,highest_degree,categorical,Abitur oder fachgebundene Hochschulreife,-0.8390977443609022,19
dass_fear,family_status,categorical,verheiratet,-0.19378881987577623,23
dass_fear,current_employed,categorical,ja,0.12142857142857144,32
dass_fear,working_hours_model,categorical,Teilzeit,0.47727272727272707,22
dass_fear,working_hours_model,categorical,Vollzeit,-1.05,10
dass_fear,shiftwork,categorical,nein,-0.04999999999999982,30
dass_fear,working_hours_reduced,categorical,False,-1.1022556390977443,19
dass_fear,working_hours_reduced,categorical,True,1.3089285714285714,16
dass_fear,headache_days_per_month,numeric,,0.3198919710349397,35
dass_fear,headache_days_severe_per_month,numeric,,0.5214242829823711,35
dass_fear,days_medication,numeric,,0.1562107890020647,35
dass_fear,intensity,numeric,,0.35396920853071223,35
dass_fear,days_lost_work,numeric,,0.3079722812647463,35
dass_fear,days_lost_household,numeric,,0.35653156546416936,35
dass_fear,days_doctor,numeric,,0.3414535240196412,35
dass_fear,days_ER,binary,,0.3834786387588725,35
dass_stress,gender,categorical,weiblich,0.08110599078340996,31
dass_stress,birthyear,numeric,,-0.3334286203810513,35
dass_stress,weight,numeric,,0.08128114321235,35
dass_stress,pregnant,categorical,nein,0.0,31
dass_stress,highest_degree,categorical,Abitur oder fachgebundene Hochschulreife,-1.102255639097745,19
dass_stress,family_status,categorical,verheiratet,-0.5416149068322982,23
dass_stress,current_employed,categorical,ja,-0.066071428571429,32
dass_stress,working_hours_model,categorical,Teilzeit,0.6647727272727275,22
dass_stress,working_hours_model,categorical,Vollzeit,-1.4625000000000004,10
dass_stress,shiftwork,categorical,nein,-0.3291666666666666,30
dass_stress,working_hours_reduced,categorical,False,-1.6812030075187971,19
dass_stress,working_hours_reduced,categorical,True,1.996428571428571,16
dass_stress,headache_days_per_month,numeric,,0.5419724339315865,35
dass_stress,headache_days_severe_per_month,numeric,,0.5397963065962645,35
dass_stress,days_medication,numeric,,0.278826016974233,35
dass_stress,intensity,numeric,,0.3570162622110393,35
dass_stress,days_lost_work,numeric,,0.3329057564543745,35
dass_stress,days_lost_household,numeric,,0.552373383418088,35
dass_stress,days_doctor,numeric,,0.37649584801107727,35
dass_stress,days_ER,binary,,0.2544170856895961,35
midas_result,gender,categorical,weiblich,1.5917050691244228,31
midas_result,birthyear,numeric,,0.038510102525996626,35
midas_result,weight,numeric,,0.06046577117925153,35
midas_result,pregnant,categorical,nein,0.0,31
midas_result,highest_degree,categorical,Abitur oder fachgebundene Hochschulreife,-9.243609022556395,19
midas_result,family_status,categorical,verheiratet,-12.737888198757766,23
midas_result,current_employed,categorical,ja,-0.835714285714289,32
midas_result,working_hours_model,categorical,Teilzeit,-3.15909090909091,22
midas_result,working_hours_model,categorical,Vollzeit,6.950000000000003,10
midas_result,shiftwork,categorical,nein,0.81666666666667,30
midas_result,working_hours_reduced,categorical,False,-8.612030075187974,19
midas_result,working_hours_reduced,categorical,True,10.226785714285711,16
midas_result,headache_days_per_month,numeric,,0.6504031091755863,35
midas_result,headache_days_severe_per_month,numeric,,0.7043336145808861,35
midas_result,days_medication,numeric,,0.44284150610566225,35
midas_result,intensity,numeric,,0.5517251679193869,35
midas_result,days_lost_work,numeric,,0.5239464196252218,35
midas_result,days_lost_household,numeric,,0.8515487136704423,35
midas_result,days_doctor,numeric,,0.4182717715609321,35
midas_result,days_ER,binary,,0.04001876022691247,35
gvas_result,gender,categorical,weiblich,-0.5271889400921594,31
gvas_result,birthyear,numeric,,0.06025955938426237,35
gvas_result,weight,numeric,,-0.12704314557031332,35
gvas_result,pregnant,categorical,nein,0.0,31
gvas_result,highest_degree,categorical,Abitur oder fachgebundene Hochschulreife,2.033082706766919,19
gvas_result,family_status,categorical,verheiratet,4.129192546583852,23
gvas_result,current_employed,categorical,ja,1.054464285714289,32
gvas_result,working_hours_model,categorical,Teilzeit,-2.105113636363633,22
gvas_result,working_hours_model,categorical,Vollzeit,4.631250000000001,10
gvas_result,shiftwork,categorical,nein,-0.26874999999999716,30
gvas_result,working_hours_reduced,categorical,False,5.769924812030077,19
gvas_result,working_hours_reduced,categorical,True,-6.851785714285711,16
gvas_result,headache_days_per_month,numeric,,-0.5010213146558705,35
gvas_result,headache_days_severe_per_month,numeric,,-0.46911852183262587,35
gvas_result,days_medication,numeric,,-0.3066584858304698,35
gvas_result,intensity,numeric,,-0.33997142598286506,35
gvas_result,days_lost_work,numeric,,-0.3042054599922476,35
gvas_result,days_lost_household,numeric,,-0.5609936844806188,35
gvas_result,days_doctor,numeric,,-0.36073949887764145,35
gvas_result,days_ER,binary,,-0.1714747189173358,35
pgic_result,gender,categorical,weiblich,-0.022119815668202758,31
pgic_result,birthyear,numeric,,-0.0991539754411736,35
pgic_result,weight,numeric,,0.06353414555394848,35
pgic_result,pregnant,categorical,nein,0.0,31
pgic_result,highest_degree,categorical,Abitur oder fachgebundene Hochschulreife,0.013533834586465954,19
pgic_result,family_status,categorical,verheiratet,-0.08944099378881987,23
pgic_result,current_employed,categorical,ja,0.046428571428571264,32
pgic_result,working_hours_model,categorical,Teilzeit,0.07954545454545459,22
pgic_result,working_hours_model,categorical,Vollzeit,-0.17499999999999982,10
pgic_result,shiftwork,categorical,nein,0.058333333333333126,30
pgic_result,working_hours_reduced,categorical,False,-0.46015037593985,19
pgic_result,working_hours_reduced,categorical,True,0.5464285714285713,16
pgic_result,headache_days_per_month,numeric,,0.25926282582481175,35
pgic_result,headache_days_severe_per_month,numeric,,0.2967743087969294,35
pgic_result,days_medication,numeric,,0.26500685510468136,35
pgic_result,intensity,numeric,,0.43138803032329276,35
pgic_result,days_lost_work,numeric,,0.4619622417129078,35
pgic_result,days_lost_household,numeric,,0.47876201932553053,35
pgic_result,days_doctor,numeric,,0.25628861500641276,35
pgic_result,days_ER,binary,,0.16647421404203314,35
dass_depression,gender,categorical,divers,3.134228838572076,14
dass_depression,gender,categorical,männlich,0.08433165700681577,1181
dass_depression,gender,categorical,weiblich,-0.0263934677455957,5436
dass_depression,birthyear,numeric,,-0.009855942014006974,6631
dass_depression,weight,numeric,,0.05411454681231546,6631
dass_depression,pregnant,categorical,ja,-0.6269068185995224,21
dass_depression,pregnant,categorical,nein,0.0024289747584109733,5420
dass_depression,highest_degree,categorical,Abitur oder fachgebundene Hochschulreife,-0.3578102334669966,2925
dass_depression,highest_degree,categorical,Fachhochschulreife,-0.315959131352737,760
dass_depression,highest_degree,categorical,Hauptschulabschluss,1.4134965023162733,554
dass_depression,highest_degree,categorical,Keine,0.4425316468748832,117
dass_depression,highest_degree,categorical,Mittlerer Schulabschluss (Realschulabschluss),0.19862444296768,2275
dass_depression,family_status,categorical,geschieden,1.2863254981314212,402
dass_depression,family_status,categorical,ledig,0.1249334929644057,3189
dass_depression,family_status,categorical,sonstiger,0.060378959637450436,177
dass_depression,family_status,categorical,verheiratet,-0.31755941584775815,2812
dass_depression,family_status,categorical,verwitwet,-0.6514854471422105,51
dass_depression,current_employed,categorical,ja,-0.3253596784455235,5041
dass_depression,current_employed,categorical,nein,1.031533420782318,1590
dass_depression,working_hours_model,categorical,Teilzeit,-0.12926764400351054,2037
dass_depression,working_hours_model,categorical,Vollzeit,0.08765585580397861,3004
dass_depression,shiftwork,categorical,ja,0.14820280200296665,501
dass_depression,shiftwork,categorical,nein,-0.016329360854077102,4547
dass_depression,working_hours_reduced,categorical,False,-0.31107212911695203,5226
dass_depression,working_hours_reduced,categorical,True,1.1570554781246933,1405
dass_depression,children,numeric,,0.027934317560381238,3157
dass_depression,headache_days_per_month,numeric,,0.2592501275747941,6631
dass_depression,headache_days_severe_per_month,numeric,,0.2585397126522669,6631
dass_depression,days_medication,numeric,,0.16105076704730112,6631
dass_depression,intensity,numeric,,0.14865628889122554,6631
dass_depression,days_lost_work,numeric,,0.19698398015921417,6631
dass_depression,days_lost_household,numeric,,0.31279329249168525,6631
dass_depression,days_doctor,numeric,,0.19843790041400922,6631
dass_depression,days_ER,numeric,,0.07227040731892707,6631
dass_depression,days_hospital,numeric,,0.05064742073528471,6631
dass_fear,gender,categorical,divers,2.316877437145873,14
dass_fear,gender,categorical,männlich,-0.3925092811316153,1181
dass_fear,gender,categorical,weiblich,0.07930779560272239,5436
dass_fear,birthyear,numeric,,0.0750326309683203,6631
dass_fear,weight,numeric,,0.02264240776598054,6631
dass_fear,pregnant,categorical,ja,0.9263178162277592,21
dass_fear,pregnant,categorical,nein,-0.0035890542695167227,5420
dass_fear,highest_degree,categorical,Abitur oder fachgebundene Hochschulreife,-0.41530815503971885,2925
dass_fear,highest_degree,categorical,Fachhochschulreife,-0.07184436736540478,760
dass_fear,highest_degree,categorical,Hauptschulabschluss,1.0860883706167348,554
dass_fear,highest_degree,categorical,Keine,0.8742644945329312,117
dass_fear,highest_degree,categorical,Mittlerer Schulabschluss (Realschulabschluss),0.24852578879422538,2275
dass_fear,family_status,categorical,geschieden,0.9796350775154545,402
dass_fear,family_status,categorical,ledig,0.2272165492723799,3189
dass_fear,family_status,categorical,sonstiger,0.4569097212459541,177
dass_fear,family_status,categorical,verheiratet,-0.40513028486184854,2812
dass_fear,family_status,categorical,verwitwet,-1.177520321957768,51
dass_fear,current_employed,categorical,ja,-0.30053124027073874,5041
dass_fear,current_employed,categorical,nein,0.9528163410093056,1590
dass_fear,working_hours_model,categorical,Teilzeit,-0.0971224958774477,2037
dass_fear,working_hours_model,categorical,Vollzeit,0.06585836354938746,3004
dass_fear,shiftwork,categorical,ja,0.18446783137370293,501
dass_fear,shiftwork,categorical,nein,-0.020325133828507536,4547
dass_fear,working_hours_reduced,categorical,False,-0.2067407357260307,5226
dass_fear,working_hours_reduced,categorical,True,0.7689872490421621,1405
dass_fear,children,numeric,,-1.3116729585201311e-05,3157
dass_fear,headache_days_per_month,numeric,,0.1940401541041729,6631
dass_fear,headache_days_severe_per_month,numeric,,0.19778308691543778,6631
dass_fear,days_medication,numeric,,0.09946460959422188,6631
dass_fear,intensity,numeric,,0.13623064566231907,6631
dass_fear,days_lost_work,numeric,,0.16697117082130639,6631
dass_fear,days_lost_household,numeric,,0.24493354590963276,6631
dass_fear,days_doctor,numeric,,0.13956222913060456,6631
dass_fear,days_ER,numeric,,0.0853582801803259,6631
dass_fear,days_hospital,numeric,,0.046966815965667326,6631
dass_stress,gender,categorical,divers,3.856550401792446,14
dass_stress,gender,categorical,männlich,-0.6618359535964489,1181
dass_stress,gender,categorical,weiblich,0.13385514267334653,5436
dass_stress,birthyear,numeric,,-0.00247364352632216,6631
dass_stress,weight,numeric,,0.02230433977855865,6631
dass_stress,pregnant,categorical,ja,-0.49350171974689516,21
dass_stress,pregnant,categorical,nein,0.001912091534074456,5420
dass_stress,highest_degree,categorical,Abitur oder fachgebundene Hochschulreife,-0.09844349320144818,2925
dass_stress,highest_degree,categorical,Fachhochschulreife,-0.3126225305383805,760
dass_stress,highest_degree,categorical,Hauptschulabschluss,0.7840903708486602,554
dass_stress,highest_degree,categorical,Keine,0.0769411221831664,117
dass_stress,highest_degree,categorical,Mittlerer Schulabschluss (Realschulabschluss),0.03611084135288589,2275
dass_stress,family_status,categorical,geschieden,0.9773748509751039,402
dass_stress,family_status,categorical,ledig,-0.06633182729862597,3189
dass_stress,family_status,categorical,sonstiger,0.36623563181665997,177
dass_stress,family_status,categorical,verheiratet,-0.07186861873183759,2812
dass_stress,family_status,categorical,verwitwet,-0.8647381136137158,51
dass_stress,current_employed,categorical,ja,-0.20725496562331536,5041
dass_stress,current_employed,categorical,nein,0.6570894853503981,1590
dass_stress,working_hours_model,categorical,Teilzeit,0.13130659471080364,2037
dass_stress,working_hours_model,categorical,Vollzeit,-0.0890384598621532,3004
dass_stress,shiftwork,categorical,ja,0.12934353163720047,501
dass_stress,shiftwork,categorical,nein,-0.01425139858153468,4547
dass_stress,working_hours_reduced,categorical,False,-0.32629908702719135,5226
dass_stress,working_hours_reduced,categorical,True,1.2136932589353036,1405
dass_stress,children,numeric,,0.012135690017816263,3157
dass_stress,headache_days_per_month,numeric,,0.19570161661875166,6631
dass_stress,headache_days_severe_per_month,numeric,,0.21363339442357676,6631
dass_stress,days_medication,numeric,,0.14908501360161286,6631
dass_stress,intensity,numeric,,0.15201123513926085,6631
dass_stress,days_lost_work,numeric,,0.18401543160361716,6631
dass_stress,days_lost_household,numeric,,0.2725388793965507,6631
dass_stress,days_doctor,numeric,,0.17048788556547737,6631
dass_stress,days_ER,numeric,,0.05969688703912849,6631
dass_stress,days_hospital,numeric,,0.03756906377067077,6631
midas_result,gender,categorical,divers,5.391516039382118,14
midas_result,gender,categorical,männlich,-1.9106491958906489,1181
midas_result,gender,categorical,weiblich,0.40121329576811604,5436
midas_result,birthyear,numeric,,-0.006068538327235384,6631
midas_result,weight,numeric,,0.01139856260203329,6631
midas_result,pregnant,categorical,ja,5.531187369268601,21
midas_result,pregnant,categorical,nein,-0.021430799770229214,5420
midas_result,highest_degree,categorical,Abitur oder fachgebundene Hochschulreife,-1.7139296260635462,2925
midas_result,highest_degree,categorical,Fachhochschulreife,-0.6285967425727677,760
midas_result,highest_degree,categorical,Hauptschulabschluss,7.722614543765822,554
midas_result,highest_degree,categorical,Keine,-6.282476634610553,117
midas_result,highest_degree,categorical,Mittlerer Schulabschluss (Realschulabschluss),0.8561314239975033,2275
midas_result,family_status,categorical,geschieden,7.792724283873945,402
midas_result,family_status,categorical,ledig,1.0637375149902368,3189
midas_result,family_status,categorical,sonstiger,-2.9878221365662228,177
midas_result,family_status,categorical,verheiratet,-2.122302290225683,2812
midas_result,family_status,categorical,verwitwet,-0.5524615516542966,51
midas_result,current_employed,categorical,ja,-3.866482657021656,5041
midas_result,current_employed,categorical,nein,12.258452247827762,1590
midas_result,working_hours_model,categorical,Teilzeit,1.2648715486374513,2037
midas_result,working_hours_model,categorical,Vollzeit,-0.8577041759568829,3004
midas_result,shiftwork,categorical,ja,-0.05293493836416019,501
midas_result,shiftwork,categorical,nein,0.0058325058545065644,4547
midas_result,working_hours_reduced,categorical,False,-6.221627036447522,5226
midas_result,working_hours_reduced,categorical,True,23.14179565300693,1405
midas_result,children,numeric,,-0.015707464234435822,3157
midas_result,headache_days_per_month,numeric,,0.5096797832033655,6631
midas_result,headache_days_severe_per_month,numeric,,0.538226691898214,6631
midas_result,days_medication,numeric,,0.3571486907850694,6631
midas_result,intensity,numeric,,0.23526381615192585,6631
midas_result,days_lost_work,numeric,,0.48814856636226744,6631
midas_result,days_lost_household,numeric,,0.6906920629348869,6631
midas_result,days_doctor,numeric,,0.3806902505576916,6631
midas_result,days_ER,numeric,,0.12906958800733168,6631
midas_result,days_hospital,numeric,,0.11425032961261727,6631
gvas_result,gender,categorical,divers,-6.654781653273588,14
gvas_result,gender,categorical,männlich,0.36735455091172753,1181
gvas_result,gender,categorical,weiblich,-0.06267085752040913,5436
gvas_result,birthyear,numeric,,0.07620991022075695,6631
gvas_result,weight,numeric,,-0.08365323964128275,6631
gvas_result,pregnant,categorical,ja,3.943243976509919,21
gvas_result,pregnant,categorical,nein,-0.01527825156950513,5420
gvas_result,highest_degree,categorical,Abitur oder fachgebundene Hochschulreife,1.6900290915371556,2925
gvas_result,highest_degree,categorical,Fachhochschulreife,1.0764213542452126,760
gvas_result,highest_degree,categorical,Hauptschulabschluss,-6.148592896182301,554
gvas_result,highest_degree,categorical,Keine,1.6797726812807454,117
gvas_result,highest_degree,categorical,Mittlerer Schulabschluss (Realschulabschluss),-1.1215948400867717,2275
gvas_result,family_status,categorical,geschieden,-5.606807239627528,402
gvas_result,family_status,categorical,ledig,0.5244953256271003,3189
gvas_result,family_status,categorical,sonstiger,0.4969536171057527,177
gvas_result,family_status,categorical,verheiratet,0.20586658895360443,2812
gvas_result,family_status,categorical,verwitwet,-1.677190616859022,51
gvas_result,current_employed,categorical,ja,1.6882908663512026,5041
gvas_result,current_employed,categorical,nein,-5.352625319041778,1590
gvas_result,working_hours_model,categorical,Teilzeit,-1.2979080620891992,2037
gvas_result,working_hours_model,categorical,Vollzeit,0.8801060993594234,3004
gvas_result,shiftwork,categorical,ja,0.541124565449131,501
gvas_result,shiftwork,categorical,nein,-0.05962247796129816,4547
gvas_result,working_hours_reduced,categorical,False,2.067704815481541,5226
gvas_result,working_hours_reduced,categorical,True,-7.690978907976181,1405
gvas_result,children,numeric,,-0.0035879983944721223,3157
gvas_result,headache_days_per_month,numeric,,-0.39151327475236564,6631
gvas_result,headache_days_severe_per_month,numeric,,-0.3843366421569134,6631
gvas_result,days_medication,numeric,,-0.23921979388136097,6631
gvas_result,intensity,numeric,,-0.1785890516255187,6631
gvas_result,days_lost_work,numeric,,-0.26976960554615753,6631
gvas_result,days_lost_household,numeric,,-0.4014108300324812,6631
gvas_result,days_doctor,numeric,,-0.2910815680749864,6631
gvas_result,days_ER,numeric,,-0.10895695709219037,6631
gvas_result,days_hospital,numeric,,-0.09879270680762657,6631
chiq_result,gender,categorical,männlich,-0.506679035250464,55
chiq_result,gender,categorical,weiblich,0.6480778357854753,43
chiq_result,birthyear,numeric,,0.1450988501162693,98
chiq_result,weight,numeric,,0.10793170988863147,98
chiq_result,pregnant,categorical,nein,0.0049833887043213565,42
chiq_result,highest_degree,categorical,Abitur oder fachgebundene Hochschulreife,-0.5612244897959187,27
chiq_result,highest_degree,categorical,Fachhochschulreife,-1.2884972170686453,11
chiq_result,highest_degree,categorical,Hauptschulabschluss,5.938775510204081,14
chiq_result,highest_degree,categorical,Mittlerer Schulabschluss (Realschulabschluss),-1.4216896060749882,43
chiq_result,family_status,categorical,ledig,2.5244897959183668,35
chiq_result,family_status,categorical,verheiratet,-1.7508796622097123,58
chiq_result,current_employed,categorical,ja,-1.1386892785283145,71
chiq_result,current_employed,categorical,nein,2.9943310657596385,27
chiq_result,working_hours_model,categorical,Teilzeit,0.9524647887323958,16
chiq_result,working_hours_model,categorical,Vollzeit,-0.27708066581305957,55
chiq_result,shiftwork,categorical,nein,0.22361863488624323,65
chiq_result,working_hours_reduced,categorical,False,-1.9917800453514758,72
chiq_result,working_hours_reduced,categorical,True,5.515698587127158,26
chiq_result,children,numeric,,-0.209127868048927,57
chiq_result,headache_days_per_month,numeric,,0.40262519499121074,98
chiq_result,headache_days_severe_per_month,numeric,,0.45724381805729414,98
chiq_result,days_medication,numeric,,0.3922217087503465,98
chiq_result,intensity,numeric,,0.2955955716384649,98
chiq_result,days_lost_work,numeric,,0.40870901941726645,98
chiq_result,days_lost_household,numeric,,0.5646043360139413,98
chiq_result,days_doctor,numeric,,0.37909880963126935,98
chiq_result,days_ER,numeric,,0.17347488600083052,98
chiq_result,days_hospital,numeric,,0.0604188388301733,98
dass_depression,gender,categorical,männlich,0.042631651424817285,367
dass_depression,gender,categorical,weiblich,-0.020642081732114015,2041
dass_depression,birthyear,numeric,,-0.017752421595217487,2414
dass_depression,weight,numeric,,0.04101315268714945,2414
dass_depression,pregnant,categorical,ja,-2.5414362707356335,14
dass_depression,pregnant,categorical,nein,0.01755308721771076,2027
dass_depression,highest_degree,categorical,Abitur oder fachgebundene Hochschulreife,-0.32810606908476636,1103
dass_depression,highest_degree,categorical,Fachhochschulreife,-0.190744388418552,302
dass_depression,highest_degree,categorical,Hauptschulabschluss,1.3774820870926918,182
dass_depression,highest_degree,categorical,Keine,2.4033594355506853,31
dass_depression,highest_degree,categorical,Mittlerer Schulabschluss (Realschulabschluss),0.11846723260045078,796
dass_depression,family_status,categorical,geschieden,1.3362532429441396,137
dass_depression,family_status,categorical,ledig,0.07638511727867492,1138
dass_depression,family_status,categorical,sonstiger,1.1898696994803046,55
dass_depression,family_status,categorical,verheiratet,-0.297040758482785,1064
dass_depression,family_status,categorical,verwitwet,-0.9692212096106045,20
dass_depression,current_employed,categorical,ja,-0.3793275925893278,1880
dass_depression,current_employed,categorical,nein,1.33546043832947,534
dass_depression,working_hours_model,categorical,Teilzeit,-0.0774089921750285,813
dass_depression,working_hours_model,categorical,Vollzeit,0.058981734431394095,1067
dass_depression,shiftwork,categorical,ja,-0.15965542432728608,191
dass_depression,shiftwork,categorical,nein,0.017927211079665994,1701
dass_depression,working_hours_reduced,categorical,False,-0.354599084747516,1826
dass_depression,working_hours_reduced,categorical,True,1.1011869536547012,588
dass_depression,children,numeric,,-0.006165300680018321,1140
dass_depression,headache_days_per_month,numeric,,0.29895488122245595,2414
dass_depression,headache_days_severe_per_month,numeric,,0.29206616624149756,2414
dass_depression,days_medication,numeric,,0.17596063193519368,2414
dass_depression,intensity,numeric,,0.18678559996716482,2414
dass_depression,days_lost_work,numeric,,0.21604031618744568,2414
dass_depression,days_lost_household,numeric,,0.36173972154999734,2414
dass_depression,days_doctor,numeric,,0.2126039195659565,2414
dass_depression,days_ER,numeric,,0.09745079544884958,2414
dass_depression,days_hospital,numeric,,0.04238211767868085,2414
dass_fear,gender,categorical,männlich,-0.2667116660533808,367
dass_fear,gender,categorical,weiblich,0.03730930993343984,2041
dass_fear,birthyear,numeric,,0.0689934894646323,2414
dass_fear,weight,numeric,,0.017582881163412757,2414
dass_fear,pregnant,categorical,ja,0.03755162035416815,14
dass_fear,pregnant,categorical,nein,-0.000259359982712315,2027
dass_fear,highest_degree,categorical,Abitur oder fachgebundene Hochschulreife,-0.4905451052000229,1103
dass_fear,highest_degree,categorical,Fachhochschulreife,0.0639810816594153,302
dass_fear,highest_degree,categorical,Hauptschulabschluss,0.9045312599579374,182
dass_fear,highest_degree,categorical,Keine,0.9020498703797744,31
dass_fear,highest_degree,categorical,Mittlerer Schulabschluss (Realschulabschluss),0.4135185038698044,796
dass_fear,family_status,categorical,geschieden,0.8730882504127386,137
dass_fear,family_status,categorical,ledig,0.21621167093536098,1138
dass_fear,family_status,categorical,sonstiger,1.2891466445733224,55
dass_fear,family_status,categorical,verheiratet,-0.38566538550186547,1064
dass_fear,family_status,categorical,verwitwet,-1.3108533554266777,20
dass_fear,current_employed,categorical,ja,-0.30127888734157127,1880
dass_fear,current_employed,categorical,nein,1.0606822250976666,534
dass_fear,working_hours_model,categorical,Teilzeit,-0.1094514668550941,813
dass_fear,working_hours_model,categorical,Vollzeit,0.08339647849408749,1067
dass_fear,shiftwork,categorical,ja,-0.16835283309166194,191
dass_fear,shiftwork,categorical,nein,0.01890381606143876,1701
dass_fear,working_hours_reduced,categorical,False,-0.22673506407947075,1826
dass_fear,working_hours_reduced,categorical,True,0.70411263096788,588
dass_fear,children,numeric,,-0.03637692214782443,1140
dass_fear,headache_days_per_month,numeric,,0.25175116020568095,2414
dass_fear,headache_days_severe_per_month,numeric,,0.24391490810778166,2414
dass_fear,days_medication,numeric,,0.1123958698429926,2414
dass_fear,intensity,numeric,,0.1772499578286802,2414
dass_fear,days_lost_work,numeric,,0.19519283380547095,2414
dass_fear,days_lost_household,numeric,,0.2878578138261627,2414
dass_fear,days_doctor,numeric,,0.1645751038309024,2414
dass_fear,days_ER,numeric,,0.08210324053322292,2414
dass_fear,days_hospital,numeric,,0.04308612237775431,2414
dass_stress,gender,categorical,männlich,-0.3828529761676327,367
dass_stress,gender,categorical,weiblich,0.058187439186810685,2041
dass_stress,birthyear,numeric,,-0.014039972907683189,2414
dass_stress,weight,numeric,,0.024566345723331082,2414
dass_stress,pregnant,categorical,ja,-1.3861552460278572,14
dass_stress,pregnant,categorical,nein,0.009573839883763924,2027
dass_stress,highest_degree,categorical,Abitur oder fachgebundene Hochschulreife,-0.21088452747308928,1103
dass_stress,highest_degree,categorical,Fachhochschulreife,0.02397164443615285,302
dass_stress,highest_degree,categorical,Hauptschulabschluss,0.9742299953567555,182
dass_stress,highest_degree,categorical,Keine,0.860972285324852,31
dass_stress,highest_degree,categorical,Mittlerer Schulabschluss (Realschulabschluss),0.026841956260173383,796
dass_stress,family_status,categorical,geschieden,1.0307391796031657,137
dass_stress,family_status,categorical,ledig,-0.08091784450110229,1138
dass_stress,family_status,categorical,sonstiger,1.085019206145966,55
dass_stress,family_status,categorical,verheiratet,-0.0826670549613473,1064
dass_stress,family_status,categorical,verwitwet,-1.042253521126761,20
dass_stress,current_employed,categorical,ja,-0.2528918189991014,1880
dass_stress,current_employed,categorical,nein,0.8903307485361607,534
dass_stress,working_hours_model,categorical,Teilzeit,0.051966711156473444,813
dass_stress,working_hours_model,categorical,Vollzeit,-0.03959600390835316,1067
dass_stress,shiftwork,categorical,ja,-0.19710990336827372,191
dass_stress,shiftwork,categorical,nein,0.022132858050170512,1701
dass_stress,working_hours_reduced,categorical,False,-0.3971275627477908,1826
dass_stress,working_hours_reduced,categorical,True,1.2332566829548712,588
dass_stress,children,numeric,,-0.03249983099319595,1140
dass_stress,headache_days_per_month,numeric,,0.2772673642199193,2414
dass_stress,headache_days_severe_per_month,numeric,,0.27270340615267474,2414
dass_stress,days_medication,numeric,,0.1831772018425536,2414
dass_stress,intensity,numeric,,0.18549409671353229,2414
dass_stress,days_lost_work,numeric,,0.22181483774784552,2414
dass_stress,days_lost_household,numeric,,0.33124752247821204,2414
dass_stress,days_doctor,numeric,,0.20394912690303899,2414
dass_stress,days_ER,numeric,,0.07241434433426205,2414
dass_stress,days_hospital,numeric,,0.033464803252668054,2414
midas_result,gender,categorical,männlich,-1.604651792789113,367
midas_result,gender,categorical,weiblich,0.2599254633777264,2041
midas_result,birthyear,numeric,,-0.03617912478462848,2414
midas_result,weight,numeric,,0.030254013246206104,2414
midas_result,pregnant,categorical,ja,-18.740988311052007,14
midas_result,pregnant,categorical,nein,0.12943948512813108,2027
midas_result,highest_degree,categorical,Abitur oder fachgebundene Hochschulreife,-2.8216275413668086,1103
midas_result,highest_degree,categorical,Fachhochschulreife,-0.5217440208057837,302
midas_result,highest_degree,categorical,Hauptschulabschluss,4.931025064413632,182
midas_result,highest_degree,categorical,Keine,-3.718390036614373,31
midas_result,highest_degree,categorical,Mittlerer Schulabschluss (Realschulabschluss),3.1251826656064097,796
midas_result,family_status,categorical,geschieden,11.45585060383771,137
midas_result,family_status,categorical,ledig,-1.014580296833202,1138
midas_result,family_status,categorical,sonstiger,11.987768321156892,55
midas_result,family_status,categorical,verheiratet,-1.2808748777494685,1064
midas_result,family_status,categorical,verwitwet,14.433222866611437,20
midas_result,current_employed,categorical,ja,-3.8205005376438876,1880
midas_result,current_employed,categorical,nein,13.450451331030912,534
midas_result,working_hours_model,categorical,Teilzeit,1.007597943000711,813
midas_result,working_hours_model,categorical,Vollzeit,-0.7677386388562084,1067
midas_result,shiftwork,categorical,ja,0.23811197325747457,191
midas_result,shiftwork,categorical,nein,-0.02673685296424111,1701
midas_result,working_hours_reduced,categorical,False,-6.3938308026109105,1826
midas_result,working_hours_reduced,categorical,True,19.855671846203272,588
midas_result,children,numeric,,-0.028513455958270074,1140
midas_result,headache_days_per_month,numeric,,0.5583520257127298,2414
midas_result,headache_days_severe_per_month,numeric,,0.5911671963992443,2414
midas_result,days_medication,numeric,,0.3770977366150377,2414
midas_result,intensity,numeric,,0.3381402122202817,2414
midas_result,days_lost_work,numeric,,0.544170396557907,2414
midas_result,days_lost_household,numeric,,0.729995134275217,2414
midas_result,days_doctor,numeric,,0.4191319367700516,2414
midas_result,days_ER,numeric,,0.14074208258918647,2414
midas_result,days_hospital,numeric,,0.1143083595029229,2414
gvas_result,gender,categorical,männlich,0.04895376425890419,367
gvas_result,gender,categorical,weiblich,0.001076928759928819,2041
gvas_result,birthyear,numeric,,0.0783671713567673,2414
gvas_result,weight,numeric,,-0.12272356894195459,2414
gvas_result,pregnant,categorical,ja,-4.099846013858752,14
gvas_result,pregnant,categorical,nein,0.028316647357684133,2027
gvas_result,highest_degree,categorical,Abitur oder fachgebundene Hochschulreife,2.131317691225483,1103
gvas_result,highest_degree,categorical,Fachhochschulreife,1.459414453217164,302
gvas_result,highest_degree,categorical,Hauptschulabschluss,-6.785582271912013,182
gvas_result,highest_degree,categorical,Keine,-0.2854050297992856,31
gvas_result,highest_degree,categorical,Mittlerer Schulabschluss (Realschulabschluss),-1.9444259408059352,796
gvas_result,family_status,categorical,geschieden,-3.8156616815534647,137
gvas_result,family_status,categorical,ledig,0.1361041260485507,1138
gvas_result,family_status,categorical,sonstiger,-2.645522331852071,55
gvas_result,family_status,categorical,verheiratet,0.5497271555026799,1064
gvas_result,family_status,categorical,verwitwet,-3.5773405136702507,20
gvas_result,current_employed,categorical,ja,1.7912765076063408,1880
gvas_result,current_employed,categorical,nein,-6.306366730898716,534
gvas_result,working_hours_model,categorical,Teilzeit,-1.1408802439088177,813
gvas_result,working_hours_model,categorical,Vollzeit,0.8692930068396194,1067
gvas_result,shiftwork,categorical,ja,0.22880854078345436,191
gvas_result,shiftwork,categorical,nein,-0.025692199464813825,1701
gvas_result,working_hours_reduced,categorical,False,2.435967262890536,1826
gvas_result,working_hours_reduced,categorical,True,-7.564755479656647,588
gvas_result,children,numeric,,0.04024511183086492,1140
gvas_result,headache_days_per_month,numeric,,-0.46054466572025854,2414
gvas_result,headache_days_severe_per_month,numeric,,-0.43343261867733224,2414
gvas_result,days_medication,numeric,,-0.2629592170782747,2414
gvas_result,intensity,numeric,,-0.22001027820931135,2414
gvas_result,days_lost_work,numeric,,-0.3011716173545523,2414
gvas_result,days_lost_household,numeric,,-0.43157491881950255,2414
gvas_result,days_doctor,numeric,,-0.2585699418545878,2414
gvas_result,days_ER,numeric,,-0.1053561456619557,2414
gvas_result,days_hospital,numeric,,-0.08806944092384285,2414
pgic_result,gender,categorical,männlich,0.04459680022755519,367
pgic_result,gender,categorical,weiblich,-0.006019516238567668,2041
pgic_result,birthyear,numeric,,-0.07975213948124078,2414
pgic_result,weight,numeric,,0.018614224297560614,2414
pgic_result,pregnant,categorical,ja,-0.03132218100370965,14
pgic_result,pregnant,categorical,nein,0.0002163347479289257,2027
pgic_result,highest_degree,categorical,Abitur oder fachgebundene Hochschulreife,-0.07185795161347253,1103
pgic_result,highest_degree,categorical,Fachhochschulreife,-0.06430480036432096,302
pgic_result,highest_degree,categorical,Hauptschulabschluss,0.33079017088959084,182
pgic_result,highest_degree,categorical,Keine,-0.0672956142929686,31
pgic_result,highest_degree,categorical,Mittlerer Schulabschluss (Realschulabschluss),0.05095693879505214,796
pgic_result,family_status,categorical,geschieden,0.18841429858671122,137
pgic_result,family_status,categorical,ledig,-0.028177750468488583,1138
pgic_result,family_status,categorical,sonstiger,0.21071025080967098,55
pgic_result,family_status,categorical,verheiratet,-0.011025907768593246,1064
pgic_result,family_status,categorical,verwitwet,0.3198011599005799,20
pgic_result,current_employed,categorical,ja,-0.06104990392920717,1880
pgic_result,current_employed,categorical,nein,0.21493224604290218,534
pgic_result,working_hours_model,categorical,Teilzeit,-0.004142786108712215,813
pgic_result,working_hours_model,categorical,Vollzeit,0.0031565933518113987,1067
pgic_result,shiftwork,categorical,ja,-0.03988410834264977,191
pgic_result,shiftwork,categorical,nein,0.0044784624887981295,1701
pgic_result,working_hours_reduced,categorical,False,-0.06683629902603583,1826
pgic_result,working_hours_reduced,categorical,True,0.20755626194139642,588
pgic_result,children,numeric,,-0.01351984978919588,1140
pgic_result,headache_days_per_month,numeric,,0.315403197154933,2414
pgic_result,headache_days_severe_per_month,numeric,,0.3172735013216112,2414
pgic_result,days_medication,numeric,,0.2846627416860314,2414
pgic_result,intensity,numeric,,0.23022715205620994,2414
pgic_result,days_lost_work,numeric,,0.23164042789581105,2414
pgic_result,days_lost_household,numeric,,0.2992840225304234,2414
pgic_result,days_doctor,numeric,,0.18059257218518698,2414
pgic_result,days_ER,numeric,,0.0767460770188747,2414
pgic_result,days_hospital,numeric,,0.03339530035613339,2414
dass_depression,gender,categorical,männlich,0.23912088716465973,267
dass_depression,gender,categorical,weiblich,-0.052474809297565095,1570
dass_depression,birthyear,numeric,,-0.03156466286597014,1842
dass_depression,weight,numeric,,0.053745341134532984,1842
dass_depression,pregnant,categorical,nein,0.005138710150357717,1564
dass_depression,highest_degree,categorical,Abitur oder fachgebundene Hochschulreife,-0.568961679472098,839
dass_depression,highest_degree,categorical,Fachhochschulreife,-0.33048984532137204,244
dass_depression,highest_degree,categorical,Hauptschulabschluss,1.8223204591282771,133
dass_depression,highest_degree,categorical,Keine,0.1080347448425627,14
dass_depression,highest_degree,categorical,Mittlerer Schulabschluss (Realschulabschluss),0.5132635030124977,612
dass_depression,family_status,categorical,geschieden,1.5443983812061992,110
dass_depression,family_status,categorical,ledig,0.09612998293780084,840
dass_depression,family_status,categorical,sonstiger,1.0604156972235153,42
dass_depression,family_status,categorical,verheiratet,-0.3572762599421262,836
dass_depression,family_status,categorical,verwitwet,0.25089188769970594,14
dass_depression,current_employed,categorical,ja,-0.3985762502861778,1437
dass_depression,current_employed,categorical,nein,1.4142075843487358,405
dass_depression,working_hours_model,categorical,Teilzeit,0.04056161241269152,648
dass_depression,working_hours_model,categorical,Vollzeit,-0.033312959243883,789
dass_depression,shiftwork,categorical,ja,0.17474529027297248,144
dass_depression,shiftwork,categorical,nein,-0.019341523289244655,1301
dass_depression,working_hours_reduced,categorical,False,-0.43003260508423047,1366
dass_depression,working_hours_reduced,categorical,True,1.2340851650106304,476
dass_depression,children,numeric,,-0.01856016047940158,895
dass_depression,headache_days_per_month,numeric,,0.3071875474569696,1842
dass_depression,headache_days_severe_per_month,numeric,,0.2820950505202809,1842
dass_depression,days_medication,numeric,,0.19556531964324994,1842
dass_depression,intensity,numeric,,0.1582777739225041,1842
dass_depression,days_lost_work,numeric,,0.20217320494665167,1842
dass_depression,days_lost_household,numeric,,0.331219250487925,1842
dass_depression,days_doctor,numeric,,0.21713804298907008,1842
dass_depression,days_ER,numeric,,0.0169324620436028,1842
dass_depression,days_hospital,numeric,,0.021460323931194344,1842
dass_fear,gender,categorical,männlich,-0.0220327196867105,267
dass_fear,gender,categorical,weiblich,-0.010150279743009527,1570
dass_fear,birthyear,numeric,,0.038334387336585896,1842
dass_fear,weight,numeric,,0.043481027184427715,1842
dass_fear,pregnant,categorical,nein,0.006238291494941706,1564
dass_fear,highest_degree,categorical,Abitur oder fachgebundene Hochschulreife,-0.48846993538401406,839
dass_fear,highest_degree,categorical,Fachhochschulreife,0.1465219558213633,244
dass_fear,highest_degree,categorical,Hauptschulabschluss,1.085539581853657,133
dass_fear,highest_degree,categorical,Keine,-0.3505506437102528,14
dass_fear,highest_degree,categorical,Mittlerer Schulabschluss (Realschulabschluss),0.38334291371271645,612
dass_fear,family_status,categorical,geschieden,0.8273714342118255,110
dass_fear,family_status,categorical,ledig,0.22563983248022357,840
dass_fear,family_status,categorical,sonstiger,1.3875445943849853,42
dass_fear,family_status,categorical,verheiratet,-0.3826764126781268,836
dass_fear,family_status,categorical,verwitwet,-1.3505506437102528,14
dass_fear,current_employed,categorical,ja,-0.29110139428187987,1437
dass_fear,current_employed,categorical,nein,1.032870873044597,405
dass_fear,working_hours_model,categorical,Teilzeit,-0.17232402896981913,648
dass_fear,working_hours_model,categorical,Vollzeit,0.14152848006646712,789
dass_fear,shiftwork,categorical,ja,0.1707083813917727,144
dass_fear,shiftwork,categorical,nein,-0.01889470170669849,1301
dass_fear,working_hours_reduced,categorical,False,-0.2219164667598239,1366
dass_fear,working_hours_reduced,categorical,True,0.6368443142729405,476
dass_fear,children,numeric,,0.004689947903453139,895
dass_fear,headache_days_per_month,numeric,,0.23734869415328524,1842
dass_fear,headache_days_severe_per_month,numeric,,0.24085063213363642,1842
dass_fear,days_medication,numeric,,0.13093253152011505,1842
dass_fear,intensity,numeric,,0.1659082657672284,1842
dass_fear,days_lost_work,numeric,,0.1525697680776862,1842
dass_fear,days_lost_household,numeric,,0.26889462640817213,1842
dass_fear,days_doctor,numeric,,0.16946126354415125,1842
dass_fear,days_ER,numeric,,0.027467112186769487,1842
dass_fear,days_hospital,numeric,,0.07198172371476844,1842
dass_stress,gender,categorical,männlich,-0.1722419451255961,267
dass_stress,gender,categorical,weiblich,0.01614279687683684,1570
dass_stress,birthyear,numeric,,-0.015219900273737593,1842
dass_stress,weight,numeric,,0.0269588061191857,1842
dass_stress,pregnant,categorical,nein,0.004810464756381805,1564
dass_stress,highest_degree,categorical,Abitur oder fachgebundene Hochschulreife,-0.28565947000138525,839
dass_stress,highest_degree,categorical,Fachhochschulreife,-0.021938021751125802,244
dass_stress,highest_degree,categorical,Hauptschulabschluss,0.8160996954928033,133
dass_stress,highest_degree,categorical,Keine,-0.5711183496199785,14
dass_stress,highest_degree,categorical,Mittlerer Schulabschluss (Realschulabschluss),0.2360711928636814,612
dass_stress,family_status,categorical,geschieden,1.2652452867436574,110
dass_stress,family_status,categorical,ledig,-0.1651659686675977,840
dass_stress,family_status,categorical,sonstiger,1.5955483170466875,42
dass_stress,family_status,categorical,verheiratet,-0.06513748837595923,836
dass_stress,family_status,categorical,verwitwet,-0.9282612067628353,14
dass_stress,current_employed,categorical,ja,-0.31120185692686775,1437
dass_stress,current_employed,categorical,nein,1.1041902923553293,405
dass_stress,working_hours_model,categorical,Teilzeit,-0.057755998865950176,648
dass_stress,working_hours_model,categorical,Vollzeit,0.04743458461994354,789
dass_stress,shiftwork,categorical,ja,0.23326605151864666,144
dass_stress,shiftwork,categorical,nein,-0.025818840444800983,1301
dass_stress,working_hours_reduced,categorical,False,-0.4642369440562888,1366
dass_stress,working_hours_reduced,categorical,True,1.332242994917837,476
dass_stress,children,numeric,,-0.060586395622787656,895
dass_stress,headache_days_per_month,numeric,,0.2865203880954187,1842
dass_stress,headache_days_severe_per_month,numeric,,0.27858707651421133,1842
dass_stress,days_medication,numeric,,0.20497820421521604,1842
dass_stress,intensity,numeric,,0.17068922308427478,1842
dass_stress,days_lost_work,numeric,,0.19271627186835005,1842
dass_stress,days_lost_household,numeric,,0.32314468765216064,1842
dass_stress,days_doctor,numeric,,0.2095196643676568,1842
dass_stress,days_ER,numeric,,0.011454622975680928,1842
dass_stress,days_hospital,numeric,,0.03071878195336907,1842
midas_result,gender,categorical,männlich,2.967353511693446,267
midas_result,gender,categorical,weiblich,-0.5822970047787948,1570
midas_result,birthyear,numeric,,-0.015422222318997519,1842
midas_result,weight,numeric,,0.05139068439479635,1842
midas_result,pregnant,categorical,nein,-0.06815938227963869,1564
midas_result,highest_degree,categorical,Abitur oder fachgebundene Hochschulreife,-2.4411629583328462,839
midas_result,highest_degree,categorical,Fachhochschulreife,2.0534344351293186,244
midas_result,highest_degree,categorical,Hauptschulabschluss,4.823679720473827,133
midas_result,highest_degree,categorical,Keine,-7.601132309601361,14
midas_result,highest_degree,categorical,Mittlerer Schulabschluss (Realschulabschluss),1.653536224478934,612
midas_result,family_status,categorical,geschieden,12.375491067022011,110
midas_result,family_status,categorical,ledig,0.13220102373197307,840
midas_result,family_status,categorical,sonstiger,12.446486738017683,42
midas_result,family_status,categorical,verheiratet,-2.28551371766698,836
midas_result,family_status,categorical,verwitwet,-6.029703738172792,14
midas_result,current_employed,categorical,ja,-3.8669141964688443,1437
midas_result,current_employed,categorical,nein,13.720384445248726,405
midas_result,working_hours_model,categorical,Teilzeit,1.7042739503595463,648
midas_result,working_hours_model,categorical,Vollzeit,-1.3997078831850267,789
midas_result,shiftwork,categorical,ja,2.9397491349480944,144
midas_result,shiftwork,categorical,nein,-0.3253834553670494,1301
midas_result,working_hours_reduced,categorical,False,-7.119956823301425,1366
midas_result,working_hours_reduced,categorical,True,20.43248113577679,476
midas_result,children,numeric,,-0.06628857493161687,895
midas_result,headache_days_per_month,numeric,,0.5787344365592615,1842
midas_result,headache_days_severe_per_month,numeric,,0.6054029672268888,1842
midas_result,days_medication,numeric,,0.41013308764330975,1842
midas_result,intensity,numeric,,0.373798218819554,1842
midas_result,days_lost_work,numeric,,0.5224564057299219,1842
midas_result,days_lost_household,numeric,,0.7309662821436778,1842
midas_result,days_doctor,numeric,,0.39156383230882325,1842
midas_result,days_ER,numeric,,0.11061060753437085,1842
midas_result,days_hospital,numeric,,0.10957930742998293,1842
gvas_result,gender,categorical,männlich,-0.6023679683782888,267
gvas_result,gender,categorical,weiblich,0.12921914009280755,1570
gvas_result,birthyear,numeric,,0.02821034088757615,1842
gvas_result,weight,numeric,,-0.0876158765873863,1842
gvas_result,pregnant,categorical,nein,-0.013027188166873316,1564
gvas_result,highest_degree,categorical,Abitur oder fachgebundene Hochschulreife,2.0712581158221823,839
gvas_result,highest_degree,categorical,Fachhochschulreife,1.564590341930547,244
gvas_result,highest_degree,categorical,Hauptschulabschluss,-7.860992056688957,133
gvas_result,highest_degree,categorical,Keine,-3.3797890491701565,14
gvas_result,highest_degree,categorical,Mittlerer Schulabschluss (Realschulabschluss),-1.6776415234932216,612
gvas_result,family_status,categorical,geschieden,-5.799269568650679,110
gvas_result,family_status,categorical,ledig,-0.32026523964634634,840
gvas_result,family_status,categorical,sonstiger,-3.1893128586939667,42
gvas_result,family_status,categorical,verheiratet,1.277763924172291,836
gvas_result,family_status,categorical,verwitwet,-1.951217620598733,14
gvas_result,current_employed,categorical,ja,2.127617253643244,1437
gvas_result,current_employed,categorical,nein,-7.549101218482328,405
gvas_result,working_hours_model,categorical,Teilzeit,-1.2353604474342106,648
gvas_result,working_hours_model,categorical,Vollzeit,1.0145926108204932,789
gvas_result,shiftwork,categorical,ja,-0.9774750096116875,144
gvas_result,shiftwork,categorical,nein,0.10819093111766875,1301
gvas_result,working_hours_reduced,categorical,False,2.592810825333082,1366
gvas_result,working_hours_reduced,categorical,True,-7.440713418918058,476
gvas_result,children,numeric,,0.04900505221391057,895
gvas_result,headache_days_per_month,numeric,,-0.45772737505707123,1842
gvas_result,headache_days_severe_per_month,numeric,,-0.4103483118878301,1842
gvas_result,days_medication,numeric,,-0.2702633033043483,1842
gvas_result,intensity,numeric,,-0.23293818024014343,1842
gvas_result,days_lost_work,numeric,,-0.2671248378725457,1842
gvas_result,days_lost_household,numeric,,-0.4134441145717627,1842
gvas_result,days_doctor,numeric,,-0.29838731326221113,1842
gvas_result,days_ER,numeric,,-0.05749366478765444,1842
gvas_result,days_hospital,numeric,,-0.044476493971953995,1842
pgic_result,gender,categorical,männlich,0.049652917566397115,267
pgic_result,gender,categorical,weiblich,-0.005424732186698034,1570
pgic_result,birthyear,numeric,,-0.01627761795272636,1842
pgic_result,weight,numeric,,0.03247534058070078,1842
pgic_result,pregnant,categorical,nein,-0.0029053382638020153,1564
pgic_result,highest_degree,categorical,Abitur oder fachgebundene Hochschulreife,-0.05322504040925624,839
pgic_result,highest_degree,categorical,Fachhochschulreife,-0.12105071109449783,244
pgic_result,highest_degree,categorical,Hauptschulabschluss,0.1917497326377835,133
pgic_result,highest_degree,categorical,Keine,0.46618582286334753,14
pgic_result,highest_degree,categorical,Mittlerer Schulabschluss (Realschulabschluss),0.06889357262992091,612
pgic_result,family_status,categorical,geschieden,0.18826374494126963,110
pgic_result,family_status,categorical,ledig,-0.005242748565223998,840
pgic_result,family_status,categorical,sonstiger,0.2519001085776331,42
pgic_result,family_status,categorical,verheiratet,-0.033985058886481845,836
pgic_result,family_status,categorical,verwitwet,0.10904296572049033,14
pgic_result,current_employed,categorical,ja,-0.05011798467219286,1437
pgic_result,current_employed,categorical,nein,0.17782603450355916,405
pgic_result,working_hours_model,categorical,Teilzeit,0.004178587076986595,648
pgic_result,working_hours_model,categorical,Vollzeit,-0.003431843378817856,789
pgic_result,shiftwork,categorical,ja,0.044785659361783914,144
pgic_result,shiftwork,categorical,nein,-0.004957059913986761,1301
pgic_result,working_hours_reduced,categorical,False,-0.03287295145164926,1366
pgic_result,working_hours_reduced,categorical,True,0.0943370833675492,476
pgic_result,children,numeric,,-0.030618005263846962,895
pgic_result,headache_days_per_month,numeric,,0.35219660280134457,1842
pgic_result,headache_days_severe_per_month,numeric,,0.3642879929711836,1842
pgic_result,days_medication,numeric,,0.31724062670258374,1842
pgic_result,intensity,numeric,,0.27575789339527795,1842
pgic_result,days_lost_work,numeric,,0.19782577671110496,1842
pgic_result,days_lost_household,numeric,,0.30085140307994557,1842
pgic_result,days_doctor,numeric,,0.19130140848944074,1842
pgic_result,days_ER,numeric,,0.0788916959770936,1842
pgic_result,days_hospital,numeric,,0.0494583370244333,1842
dass_depression,gender,categorical,männlich,0.05960733312798805,183
dass_depression,gender,categorical,weiblich,-0.03387853391608164,1251
dass_depression,birthyear,numeric,,-0.05099959821864821,1437
dass_depression,weight,numeric,,0.02604976812653619,1437
dass_depression,pregnant,categorical,ja,-1.3081534772182257,10
dass_depression,pregnant,categorical,nein,0.010541123909896477,1241
dass_depression,highest_degree,categorical,Abitur oder fachgebundene Hochschulreife,-0.5488772492295455,672
dass_depression,highest_degree,categorical,Fachhochschulreife,0.17409702112375758,186
dass_depression,highest_degree,categorical,Hauptschulabschluss,1.1579679888656926,95
dass_depression,highest_degree,categorical,Keine,-0.20566837477067068,11
dass_depression,highest_degree,categorical,Mittlerer Schulabschluss (Realschulabschluss),0.48354938421452953,473
dass_depression,family_status,categorical,geschieden,1.146604352502056,88
dass_depression,family_status,categorical,ledig,0.06940116116842976,621
dass_depression,family_status,categorical,sonstiger,1.1902260533818216,31
dass_depression,family_status,categorical,verheiratet,-0.24057215711970859,685
dass_depression,family_status,categorical,verwitwet,-1.3420320111343074,12
dass_depression,current_employed,categorical,ja,-0.38318787803448284,1142
dass_depression,current_employed,categorical,nein,1.4833917176792522,295
dass_depression,working_hours_model,categorical,Teilzeit,0.03456452980036406,531
dass_depression,working_hours_model,categorical,Vollzeit,-0.030038895783948583,611
dass_depression,shiftwork,categorical,ja,0.23097372251589654,114
dass_depression,shiftwork,categorical,nein,-0.02553928648575443,1031
dass_depression,working_hours_reduced,categorical,False,-0.45719788791155835,1055
dass_depression,working_hours_reduced,categorical,True,1.2626800307505093,382
dass_depression,children,numeric,,0.014496668275221676,696
dass_depression,headache_days_per_month,numeric,,0.31453101539863754,1437
dass_depression,headache_days_severe_per_month,numeric,,0.3196615755565904,1437
dass_depression,days_medication,numeric,,0.1743554058158234,1437
dass_depression,intensity,numeric,,0.21462747345547645,1437
dass_depression,days_lost_work,numeric,,0.23848045453060304,1437
dass_depression,days_lost_household,numeric,,0.34786492136303404,1437
dass_depression,days_doctor,numeric,,0.1895994761617043,1437
dass_depression,days_ER,numeric,,0.02447840653731391,1437
dass_depression,days_hospital,numeric,,0.033224475571244166,1437
dass_fear,gender,categorical,männlich,-0.3099010917553646,183
dass_fear,gender,categorical,weiblich,0.024611625939332082,1251
dass_fear,birthyear,numeric,,0.007425664129834439,1437
dass_fear,weight,numeric,,0.033693561530399714,1437
dass_fear,pregnant,categorical,ja,0.08297362110311735,10
dass_fear,pregnant,categorical,nein,-0.0006686029097751067,1241
dass_fear,highest_degree,categorical,Abitur oder fachgebundene Hochschulreife,-0.5897361815289788,672
dass_fear,highest_degree,categorical,Fachhochschulreife,0.39898309650481556,186
dass_fear,highest_degree,categorical,Hauptschulabschluss,0.802322089147713,95
dass_fear,highest_degree,categorical,Keine,0.6712216106788129,11
dass_fear,highest_degree,categorical,Mittlerer Schulabschluss (Realschulabschluss),0.5042025831946693,473
dass_fear,family_status,categorical,geschieden,0.6939488834060863,88
dass_fear,family_status,categorical,ledig,0.23351117296837565,621
dass_fear,family_status,categorical,sonstiger,0.5011336341392236,31
dass_fear,family_status,categorical,verheiratet,-0.32015197923492256,685
dass_fear,family_status,categorical,verwitwet,-0.1924147529575504,12
dass_fear,current_employed,categorical,ja,-0.30712578623250675,1142
dass_fear,current_employed,categorical,nein,1.1889411792458398,295
dass_fear,working_hours_model,categorical,Teilzeit,-0.13481815693219978,531
dass_fear,working_hours_model,categorical,Vollzeit,0.1171660250916502,611
dass_fear,shiftwork,categorical,ja,0.08503792231670904,114
dass_fear,shiftwork,categorical,nein,-0.009402835251314023,1031
dass_fear,working_hours_reduced,categorical,False,-0.25639579561157877,1055
dass_fear,working_hours_reduced,categorical,True,0.708108807251874,382
dass_fear,children,numeric,,0.028892700625224813,696
dass_fear,headache_days_per_month,numeric,,0.21084691167543415,1437
dass_fear,headache_days_severe_per_month,numeric,,0.25637977284811714,1437
dass_fear,days_medication,numeric,,0.09914367493404343,1437
dass_fear,intensity,numeric,,0.21597865057837967,1437
dass_fear,days_lost_work,numeric,,0.17141546543894481,1437
dass_fear,days_lost_household,numeric,,0.26070701960744946,1437
dass_fear,days_doctor,numeric,,0.14908874631281632,1437
dass_fear,days_ER,numeric,,0.029663375930735033,1437
dass_fear,days_hospital,numeric,,0.06924215886350478,1437
dass_stress,gender,categorical,männlich,-0.45664350821953725,183
dass_stress,gender,categorical,weiblich,0.04606252367625707,1251
dass_stress,birthyear,numeric,,-0.049538074860315674,1437
dass_stress,weight,numeric,,0.026964164078851268,1437
dass_stress,pregnant,categorical,ja,-1.1655475619504392,10
dass_stress,pregnant,categorical,nein,0.009392002916603026,1241
dass_stress,highest_degree,categorical,Abitur oder fachgebundene Hochschulreife,-0.42722313351227736,672
dass_stress,highest_degree,categorical,Fachhochschulreife,0.5719128111881835,186
dass_stress,highest_degree,categorical,Hauptschulabschluss,0.5173570669889758,95
dass_stress,highest_degree,categorical,Keine,-1.0194850382741825,11
dass_stress,highest_degree,categorical,Mittlerer Schulabschluss (Realschulabschluss),0.3018680272649297,473
dass_stress,family_status,categorical,geschieden,1.2191513253621808,88
dass_stress,family_status,categorical,ledig,-0.22238358899882016,621
dass_stress,family_status,categorical,sonstiger,1.3030956068871076,31
dass_stress,family_status,categorical,verheiratet,-0.006346352142795553,685
dass_stress,family_status,categorical,verwitwet,-0.4361517049408494,12
dass_stress,current_employed,categorical,ja,-0.3040734796051803,1142
dass_stress,current_employed,categorical,nein,1.177125131217342,295
dass_stress,working_hours_model,categorical,Teilzeit,-0.005430391060715856,531
dass_stress,working_hours_model,categorical,Vollzeit,0.004719374227888373,611
dass_stress,shiftwork,categorical,ja,0.1707193748563549,114
dass_stress,shiftwork,categorical,nein,-0.018876827093718518,1031
dass_stress,working_hours_reduced,categorical,False,-0.470669872397405,1055
dass_stress,working_hours_reduced,categorical,True,1.2998866894745094,382
dass_stress,children,numeric,,-0.024648226057330212,696
dass_stress,headache_days_per_month,numeric,,0.265717989181196,1437
dass_stress,headache_days_severe_per_month,numeric,,0.29266381034559386,1437
dass_stress,days_medication,numeric,,0.16174946676799065,1437
dass_stress,intensity,numeric,,0.21739767023804954,1437
dass_stress,days_lost_work,numeric,,0.21086707402009536,1437
dass_stress,days_lost_household,numeric,,0.32203178228745616,1437
dass_stress,days_doctor,numeric,,0.16200930648285428,1437
dass_stress,days_ER,numeric,,-0.0053629143171206725,1437
dass_stress,days_hospital,numeric,,0.03214832092062332,1437
midas_result,gender,categorical,männlich,-1.1940746318035096,183
midas_result,gender,categorical,weiblich,0.11606414242301355,1251
midas_result,birthyear,numeric,,-0.06046206346601893,1437
midas_result,weight,numeric,,0.05093592970487144,1437
midas_result,pregnant,categorical,ja,10.823741007194243,10
midas_result,pregnant,categorical,nein,-0.08721789691534809,1241
midas_result,highest_degree,categorical,Abitur oder fachgebundene Hochschulreife,-2.5006710408589328,672
midas_result,highest_degree,categorical,Fachhochschulreife,0.3215255797247849,186
midas_result,highest_degree,categorical,Hauptschulabschluss,8.75559462330147,95
midas_result,highest_degree,categorical,Keine,-1.196558486746376,11
midas_result,highest_degree,categorical,Mittlerer Schulabschluss (Realschulabschluss),1.6956191031056278,473
midas_result,family_status,categorical,geschieden,18.757986967799077,88
midas_result,family_status,categorical,ledig,-1.288053143458427,621
midas_result,family_status,categorical,sonstiger,7.601095472197905,31
midas_result,family_status,categorical,verheiratet,-1.716399229944784,685
midas_result,family_status,categorical,verwitwet,7.439805149617257,12
midas_result,current_employed,categorical,ja,-3.786989946704985,1142
midas_result,current_employed,categorical,nein,14.660144132668101,295
midas_result,working_hours_model,categorical,Teilzeit,0.9706745690152729,531
midas_result,working_hours_model,categorical,Vollzeit,-0.8435813357563191,611
midas_result,shiftwork,categorical,ja,4.605944993488087,114
midas_result,shiftwork,categorical,nein,-0.5092897470976183,1031
midas_result,working_hours_reduced,categorical,False,-7.7421853717097555,1055
midas_result,working_hours_reduced,categorical,True,21.382213526580607,382
midas_result,children,numeric,,-0.0019822734067984037,696
midas_result,headache_days_per_month,numeric,,0.586863905664575,1437
midas_result,headache_days_severe_per_month,numeric,,0.6058565899930534,1437
midas_result,days_medication,numeric,,0.42409698647282157,1437
midas_result,intensity,numeric,,0.3568027100272354,1437
midas_result,days_lost_work,numeric,,0.5497639217321452,1437
midas_result,days_lost_household,numeric,,0.7382909487169761,1437
midas_result,days_doctor,numeric,,0.4002328749590224,1437
midas_result,days_ER,numeric,,0.07500148846302476,1437
midas_result,days_hospital,numeric,,0.12448005660546667,1437
gvas_result,gender,categorical,männlich,0.29816215476230923,183
gvas_result,gender,categorical,weiblich,-0.0016504541669419837,1251
gvas_result,birthyear,numeric,,0.06265265006732554,1437
gvas_result,weight,numeric,,-0.07810938307947701,1437
gvas_result,pregnant,categorical,ja,-1.8313349320543537,10
gvas_result,pregnant,categorical,nein,0.01475692934774031,1241
gvas_result,highest_degree,categorical,Abitur oder fachgebundene Hochschulreife,2.842609851873945,672
gvas_result,highest_degree,categorical,Fachhochschulreife,1.9949716030260163,186
gvas_result,highest_degree,categorical,Hauptschulabschluss,-5.990880123063398,95
gvas_result,highest_degree,categorical,Keine,-5.3784399316758424,11
gvas_result,highest_degree,categorical,Mittlerer Schulabschluss (Realschulabschluss),-3.4947190014432863,473
gvas_result,family_status,categorical,geschieden,-7.696621749857663,88
gvas_result,family_status,categorical,ledig,0.7354526169993179,621
gvas_result,family_status,categorical,sonstiger,-1.1233079668664558,31
gvas_result,family_status,categorical,verheiratet,0.38161315392468964,685
gvas_result,family_status,categorical,verwitwet,-0.49965205288796,12
gvas_result,current_employed,categorical,ja,1.9988885192077746,1142
gvas_result,current_employed,categorical,nein,-7.73807013198401,295
gvas_result,working_hours_model,categorical,Teilzeit,-0.7358287076889596,531
gvas_result,working_hours_model,categorical,Vollzeit,0.6394845233761686,611
gvas_result,shiftwork,categorical,ja,-1.488462422431624,114
gvas_result,shiftwork,categorical,nein,0.16458265388671833,1031
gvas_result,working_hours_reduced,categorical,False,2.851374803352165,1055
gvas_result,working_hours_reduced,categorical,True,-7.874870202975224,382
gvas_result,children,numeric,,-0.005687930469472139,696
gvas_result,headache_days_per_month,numeric,,-0.44893751577531993,1437
gvas_result,headache_days_severe_per_month,numeric,,-0.42362829608531855,1437
gvas_result,days_medication,numeric,,-0.27838114701715166,1437
gvas_result,intensity,numeric,,-0.24676250851631945,1437
gvas_result,days_lost_work,numeric,,-0.30042782034122967,1437
gvas_result,days_lost_household,numeric,,-0.4179924014805697,1437
gvas_result,days_doctor,numeric,,-0.2661885395991079,1437
gvas_result,days_ER,numeric,,-0.05444703033227277,1437
gvas_result,days_hospital,numeric,,-0.0980149128023599,1437
pgic_result,gender,categorical,männlich,0.09618170824919892,183
pgic_result,gender,categorical,weiblich,-0.013697601417821836,1251
pgic_result,birthyear,numeric,,-0.05202995110013864,1437
pgic_result,weight,numeric,,0.027929243643637466,1437
pgic_result,pregnant,categorical,ja,0.09184652278177463,10
pgic_result,pregnant,categorical,nein,-0.000740100908797281,1241
pgic_result,highest_degree,categorical,Abitur oder fachgebundene Hochschulreife,-0.05548203101699967,672
pgic_result,highest_degree,categorical,Fachhochschulreife,-0.06378656250701464,186
pgic_result,highest_degree,categorical,Hauptschulabschluss,0.11499102662711058,95
pgic_result,highest_degree,categorical,Keine,-0.6400328968178655,11
pgic_result,highest_degree,categorical,Mittlerer Schulabschluss (Realschulabschluss),0.09569649007431247,473
pgic_result,family_status,categorical,geschieden,0.45087619409122537,88
pgic_result,family_status,categorical,ledig,-0.011867181695628393,621
pgic_result,family_status,categorical,sonstiger,-0.04765753024895014,31
pgic_result,family_status,categorical,verheiratet,-0.05104815892801806,685
pgic_result,family_status,categorical,verwitwet,0.34481558803061985,12
pgic_result,current_employed,categorical,ja,-0.025003442909251827,1142
pgic_result,current_employed,categorical,nein,0.096792989160563,295
pgic_result,working_hours_model,categorical,Teilzeit,0.011061968792978938,531
pgic_result,working_hours_model,categorical,Vollzeit,-0.009613593173603885,611
pgic_result,shiftwork,categorical,ja,0.121925994024362,114
pgic_result,shiftwork,categorical,nein,-0.013481632704924973,1031
pgic_result,working_hours_reduced,categorical,False,-0.07208804546069159,1055
pgic_result,working_hours_reduced,categorical,True,0.19909132974091603,382
pgic_result,children,numeric,,0.038271652818475235,696
pgic_result,headache_days_per_month,numeric,,0.3190093477746927,1437
pgic_result,headache_days_severe_per_month,numeric,,0.3234154796999542,1437
pgic_result,days_medication,numeric,,0.29994469744740804,1437
pgic_result,intensity,numeric,,0.21076599619235553,1437
pgic_result,days_lost_work,numeric,,0.19682009345110038,1437
pgic_result,days_lost_household,numeric,,0.2919952816157949,1437
pgic_result,days_doctor,numeric,,0.18491006055328257,1437
pgic_result,days_ER,numeric,,0.08423718113778647,1437
pgic_result,days_hospital,numeric,,0.07061169032757662,1437
dass_depression,gender,categorical,männlich,-0.025399967013029823,129
dass_depression,gender,categorical,weiblich,-0.022670849427715467,997
dass_depression,birthyear,numeric,,-0.027611242650455604,1128
dass_depression,weight,numeric,,0.057620043000235384,1128
dass_depression,pregnant,categorical,nein,0.019067323427773175,988
dass_depression,highest_degree,categorical,Abitur oder fachgebundene Hochschulreife,-0.3779307467667916,510
dass_depression,highest_degree,categorical,Fachhochschulreife,-0.14518934832062058,159
dass_depression,highest_degree,categorical,Hauptschulabschluss,0.3514810179390908,68
dass_depression,highest_degree,categorical,Mittlerer Schulabschluss (Realschulabschluss),0.48881191929188006,387
dass_depression,family_status,categorical,geschieden,1.0964327299671854,67
dass_depression,family_status,categorical,ledig,0.04312782591601305,469
dass_depression,family_status,categorical,sonstiger,1.180457052797478,27
dass_depression,family_status,categorical,verheiratet,-0.19517577427419752,556
dass_depression,current_employed,categorical,ja,-0.43668818232528483,890
dass_depression,current_employed,categorical,nein,1.6329936229811075,238
dass_depression,working_hours_model,categorical,Teilzeit,0.06642824735114328,421
dass_depression,working_hours_model,categorical,Vollzeit,-0.059629620756570745,469
dass_depression,shiftwork,categorical,ja,0.8422048803214723,77
dass_depression,shiftwork,categorical,nein,-0.07957027703650699,815
dass_depression,working_hours_reduced,categorical,False,-0.31704044470001946,814
dass_depression,working_hours_reduced,categorical,True,0.8218819171522789,314
dass_depression,children,numeric,,0.01142629773978513,555
dass_depression,headache_days_per_month,numeric,,0.31888018976117893,1128
dass_depression,headache_days_severe_per_month,numeric,,0.32035293467087445,1128
dass_depression,days_medication,numeric,,0.20790804350940198,1128
dass_depression,intensity,numeric,,0.16746426099949865,1128
dass_depression,days_lost_work,numeric,,0.22001047317422348,1128
dass_depression,days_lost_household,numeric,,0.3271091817996444,1128
dass_depression,days_doctor,numeric,,0.12937783484550558,1128
dass_depression,days_ER,numeric,,0.08612835017786459,1128
dass_depression,days_hospital,numeric,,0.07559722897701492,1128
dass_fear,gender,categorical,männlich,-0.43326323602177164,129
dass_fear,gender,categorical,weiblich,0.03679033554564404,997
dass_fear,birthyear,numeric,,0.041989711047146966,1128
dass_fear,weight,numeric,,0.00418898570117825,1128
dass_fear,pregnant,categorical,nein,0.019110976654660217,988
dass_fear,highest_degree,categorical,Abitur oder fachgebundene Hochschulreife,-0.4650917813934088,510
dass_fear,highest_degree,categorical,Fachhochschulreife,0.22184865515857055,159
dass_fear,highest_degree,categorical,Hauptschulabschluss,-0.04156236962870263,68
dass_fear,highest_degree,categorical,Mittlerer Schulabschluss (Realschulabschluss),0.5124731980867554,387
dass_fear,family_status,categorical,geschieden,0.695048692706679,67
dass_fear,family_status,categorical,ledig,0.2771382449454851,469
dass_fear,family_status,categorical,sonstiger,0.9758668242710793,27
dass_fear,family_status,categorical,verheiratet,-0.33874815041583783,556
dass_fear,current_employed,categorical,ja,-0.3237170292453584,890
dass_fear,current_employed,categorical,nein,1.2105384707074314,238
dass_fear,working_hours_model,categorical,Teilzeit,-0.04940884464490658,421
dass_fear,working_hours_model,categorical,Vollzeit,0.04435207589660051,469
dass_fear,shiftwork,categorical,ja,0.827718245879681,77
dass_fear,shiftwork,categorical,nein,-0.0782016011444604,815
dass_fear,working_hours_reduced,categorical,False,-0.15126030285604752,814
dass_fear,working_hours_reduced,categorical,True,0.39212065772236526,314
dass_fear,children,numeric,,0.01578914455265248,555
dass_fear,headache_days_per_month,numeric,,0.23043560921323536,1128
dass_fear,headache_days_severe_per_month,numeric,,0.24724163420050338,1128
dass_fear,days_medication,numeric,,0.11658410932811347,1128
dass_fear,intensity,numeric,,0.189421580118843,1128
dass_fear,days_lost_work,numeric,,0.1964596961027876,1128
dass_fear,days_lost_household,numeric,,0.2658855325400339,1128
dass_fear,days_doctor,numeric,,0.16319645133172536,1128
dass_fear,days_ER,numeric,,0.09402523146956204,1128
dass_fear,days_hospital,numeric,,0.09930632279669675,1128
dass_stress,gender,categorical,männlich,-0.20600362856671595,129
dass_stress,gender,categorical,weiblich,0.008002731599052737,997
dass_stress,birthyear,numeric,,-0.020378352740393558,1128
dass_stress,weight,numeric,,0.02657571658288896,1128
dass_stress,pregnant,categorical,nein,0.014565965101782652,988
dass_stress,highest_degree,categorical,Abitur oder fachgebundene Hochschulreife,-0.36683354192740936,510
dass_stress,highest_degree,categorical,Fachhochschulreife,0.14692894419911706,159
dass_stress,highest_degree,categorical,Hauptschulabschluss,0.07728410513141437,68
dass_stress,highest_degree,categorical,Mittlerer Schulabschluss (Realschulabschluss),0.4244873275056351,387
dass_stress,family_status,categorical,geschieden,1.8053350269926964,67
dass_stress,family_status,categorical,ledig,-0.18187179603502202,469
dass_stress,family_status,categorical,sonstiger,2.2237982663514577,27
dass_stress,family_status,categorical,verheiratet,-0.13558089698454,556
dass_stress,current_employed,categorical,ja,-0.3358355247430076,890
dass_stress,current_employed,categorical,nein,1.2558555337028432,238
dass_stress,working_hours_model,categorical,Teilzeit,0.001878886546212044,421
dass_stress,working_hours_model,categorical,Vollzeit,-0.001686591121439207,469
dass_stress,shiftwork,categorical,ja,0.6712480344767346,77
dass_stress,shiftwork,categorical,nein,-0.06341852595669728,815
dass_stress,working_hours_reduced,categorical,False,-0.36674682419363247,814
dass_stress,working_hours_reduced,categorical,True,0.9507385824637486,314
dass_stress,children,numeric,,0.004489559580890028,555
dass_stress,headache_days_per_month,numeric,,0.28649235307819687,1128
dass_stress,headache_days_severe_per_month,numeric,,0.31595373163495377,1128
dass_stress,days_medication,numeric,,0.17125863602030553,1128
dass_stress,intensity,numeric,,0.209399620599762,1128
dass_stress,days_lost_work,numeric,,0.22961607048735758,1128
dass_stress,days_lost_household,numeric,,0.3265921570989151,1128
dass_stress,days_doctor,numeric,,0.15689075158200924,1128
dass_stress,days_ER,numeric,,0.07034157099984673,1128
dass_stress,days_hospital,numeric,,0.06917574156724786,1128
midas_result,gender,categorical,männlich,4.9139864753422415,129
midas_result,gender,categorical,weiblich,-0.7579440449006611,997
midas_result,birthyear,numeric,,-0.05000790151494726,1128
midas_result,weight,numeric,,0.0203980264801883,1128
midas_result,pregnant,categorical,nein,0.06703612862880703,988
midas_result,highest_degree,categorical,Abitur oder fachgebundene Hochschulreife,0.010429703796411616,510
midas_result,highest_degree,categorical,Fachhochschulreife,-0.12959989294794383,159
midas_result,highest_degree,categorical,Hauptschulabschluss,-2.499374217772214,68
midas_result,highest_degree,categorical,Mittlerer Schulabschluss (Realschulabschluss),0.730523943042499,387
midas_result,family_status,categorical,geschieden,20.196411559225155,67
midas_result,family_status,categorical,ledig,-2.1490042190264447,469
midas_result,family_status,categorical,sonstiger,1.4755713159968522,27
midas_result,family_status,categorical,verheiratet,-0.6188198377468197,556
midas_result,current_employed,categorical,ja,-4.4788190294047325,890
midas_result,current_employed,categorical,nein,16.748524941891652,238
midas_result,working_hours_model,categorical,Teilzeit,1.3522965651605325,421
midas_result,working_hours_model,categorical,Vollzeit,-1.2138952109436758,469
midas_result,shiftwork,categorical,ja,5.4440481043620075,77
midas_result,shiftwork,categorical,nein,-0.5143456491237721,815
midas_result,working_hours_reduced,categorical,False,-6.602279261853727,814
midas_result,working_hours_reduced,categorical,True,17.11546279983738,314
midas_result,children,numeric,,0.0037850033973706883,555
midas_result,headache_days_per_month,numeric,,0.6138907114025522,1128
midas_result,headache_days_severe_per_month,numeric,,0.647510878244191,1128
midas_result,days_medication,numeric,,0.4322650919124371,1128
midas_result,intensity,numeric,,0.3827299358003331,1128
midas_result,days_lost_work,numeric,,0.539846804030639,1128
midas_result,days_lost_household,numeric,,0.7199599810011859,1128
midas_result,days_doctor,numeric,,0.37263686686240677,1128
midas_result,days_ER,numeric,,0.11050851393106899,1128
midas_result,days_hospital,numeric,,0.11078479747733364,1128
gvas_result,gender,categorical,männlich,0.4900832920996194,129
gvas_result,gender,categorical,weiblich,-0.01842673410301643,997
gvas_result,birthyear,numeric,,0.04989955960800122,1128
gvas_result,weight,numeric,,-0.1003032464714327,1128
gvas_result,pregnant,categorical,nein,0.0006639351252104575,988
gvas_result,highest_degree,categorical,Abitur oder fachgebundene Hochschulreife,1.6439820609094724,510
gvas_result,highest_degree,categorical,Fachhochschulreife,-0.2108089120835004,159
gvas_result,highest_degree,categorical,Hauptschulabschluss,-1.2481748018356242,68
gvas_result,highest_degree,categorical,Mittlerer Schulabschluss (Realschulabschluss),-1.9879528836109728,387
gvas_result,family_status,categorical,geschieden,-5.648525987085847,67
gvas_result,family_status,categorical,ledig,1.304565697349119,469
gvas_result,family_status,categorical,sonstiger,-4.165386130811662,27
gvas_result,family_status,categorical,verheiratet,-0.27356625338027385,556
gvas_result,current_employed,categorical,ja,2.048388317794249,890
gvas_result,current_employed,categorical,nein,-7.659939507717979,238
gvas_result,working_hours_model,categorical,Teilzeit,-1.0787344204542464,421
gvas_result,working_hours_model,categorical,Vollzeit,0.9683308976785412,469
gvas_result,shiftwork,categorical,ja,-2.1913982878108413,77
gvas_result,shiftwork,categorical,nein,0.20704008363366455,815
gvas_result,working_hours_reduced,categorical,False,1.9463619809364516,814
gvas_result,working_hours_reduced,categorical,True,-5.045664498351179,314
gvas_result,children,numeric,,-0.010192611146435002,555
gvas_result,headache_days_per_month,numeric,,-0.4265708379423078,1128
gvas_result,headache_days_severe_per_month,numeric,,-0.43452320544046646,1128
gvas_result,days_medication,numeric,,-0.26680211768117923,1128
gvas_result,intensity,numeric,,-0.22811196804267297,1128
gvas_result,days_lost_work,numeric,,-0.26533409749406184,1128
gvas_result,days_lost_household,numeric,,-0.39882860332001246,1128
gvas_result,days_doctor,numeric,,-0.20255557127302037,1128
gvas_result,days_ER,numeric,,-0.0632235999983256,1128
gvas_result,days_hospital,numeric,,-0.045234807588323045,1128
pgic_result,gender,categorical,männlich,0.01404007916872807,129
pgic_result,gender,categorical,weiblich,-0.0050870697197975545,997
pgic_result,birthyear,numeric,,-0.036942245543684867,1128
pgic_result,weight,numeric,,0.046114792620162506,1128
pgic_result,pregnant,categorical,nein,0.008888000032485799,988
pgic_result,highest_degree,categorical,Abitur oder fachgebundene Hochschulreife,0.01855444305381715,510
pgic_result,highest_degree,categorical,Fachhochschulreife,-0.06464940452294954,159
pgic_result,highest_degree,categorical,Hauptschulabschluss,0.0126720901126407,68
pgic_result,highest_degree,categorical,Mittlerer Schulabschluss (Realschulabschluss),-0.016967672769256037,387
pgic_result,family_status,categorical,geschieden,0.20494601460781237,67
pgic_result,family_status,categorical,ledig,-0.03812434786553576,469
pgic_result,family_status,categorical,sonstiger,0.16735618597320734,27
pgic_result,family_status,categorical,verheiratet,-0.008170059696923193,556
pgic_result,current_employed,categorical,ja,-0.02810781735596457,890
pgic_result,current_employed,categorical,nein,0.10510906490255678,238
pgic_result,working_hours_model,categorical,Teilzeit,0.039662120686434044,421
pgic_result,working_hours_model,categorical,Vollzeit,-0.03560288445413384,469
pgic_result,shiftwork,categorical,ja,0.19927494030633097,77
pgic_result,shiftwork,categorical,nein,-0.018827202949186717,815
pgic_result,working_hours_reduced,categorical,False,-0.058870040253018896,814
pgic_result,working_hours_reduced,categorical,True,0.1526121425667437,314
pgic_result,children,numeric,,0.017751341031963117,555
pgic_result,headache_days_per_month,numeric,,0.3620156309473077,1128
pgic_result,headache_days_severe_per_month,numeric,,0.3273839961575426,1128
pgic_result,days_medication,numeric,,0.33433412031817666,1128
pgic_result,intensity,numeric,,0.17395224802674691,1128
pgic_result,days_lost_work,numeric,,0.2063718310382743,1128
pgic_result,days_lost_household,numeric,,0.2882036844899484,1128
pgic_result,days_doctor,numeric,,0.13004901555522153,1128
pgic_result,days_ER,numeric,,0.06120148870547688,1128
pgic_result,days_hospital,numeric,,0.03358195047523801,1128
dass_depression,gender,categorical,männlich,0.16422897616999155,106
dass_depression,gender,categorical,weiblich,-0.03362437373397409,835
dass_depression,birthyear,numeric,,-0.05447871331302751,943
dass_depression,weight,numeric,,0.05020973989425823,943
dass_depression,pregnant,categorical,nein,0.02346177210795819,828
dass_depression,highest_degree,categorical,Abitur oder fachgebundene Hochschulreife,-0.46912712388977074,442
dass_depression,highest_degree,categorical,Fachhochschulreife,0.3493074724972276,131
dass_depression,highest_degree,categorical,Hauptschulabschluss,0.4487943952853648,61
dass_depression,highest_degree,categorical,Mittlerer Schulabschluss (Realschulabschluss),0.4187308506706371,307
dass_depression,family_status,categorical,geschieden,0.8652902969247087,64
dass_depression,family_status,categorical,ledig,-0.1496689762582486,399
dass_depression,family_status,categorical,sonstiger,1.487886450770863,26
dass_depression,family_status,categorical,verheiratet,-0.04765613164672011,448
dass_depression,current_employed,categorical,ja,-0.4032251186248894,746
dass_depression,current_employed,categorical,nein,1.5269336979399375,197
dass_depression,working_hours_model,categorical,Teilzeit,-0.1231997007294714,344
dass_depression,working_hours_model,categorical,Vollzeit,0.10542461952969795,402
dass_depression,shiftwork,categorical,ja,-0.22378925962190177,71
dass_depression,shiftwork,categorical,nein,0.02346977464276989,677
dass_depression,working_hours_reduced,categorical,False,-0.5590232868903202,692
dass_depression,working_hours_reduced,categorical,True,1.5412116116657444,251
dass_depression,children,numeric,,-0.0073103255056118895,452
dass_depression,headache_days_per_month,numeric,,0.3072496064581203,943
dass_depression,headache_days_severe_per_month,numeric,,0.2846732725383416,943
dass_depression,days_medication,numeric,,0.19072532974213857,943
dass_depression,intensity,numeric,,0.1573591449240081,943
dass_depression,days_lost_work,numeric,,0.27899870422365824,943
dass_depression,days_lost_household,numeric,,0.37977149348618244,943
dass_depression,days_doctor,numeric,,0.28217971523798224,943
dass_depression,days_ER,numeric,,0.06530090810676896,943
dass_depression,days_hospital,numeric,,0.07180302583280279,943
dass_fear,gender,categorical,männlich,-0.10704495888273069,106
dass_fear,gender,categorical,weiblich,0.015901600828036155,835
dass_fear,birthyear,numeric,,0.001669736654850494,943
dass_fear,weight,numeric,,0.035319143640909205,943
dass_fear,pregnant,categorical,nein,0.007693309034106033,828
dass_fear,highest_degree,categorical,Abitur oder fachgebundene Hochschulreife,-0.6103319050109643,442
dass_fear,highest_degree,categorical,Fachhochschulreife,0.34362478042304456,131
dass_fear,highest_degree,categorical,Hauptschulabschluss,0.12462840950576304,61
dass_fear,highest_degree,categorical,Mittlerer Schulabschluss (Realschulabschluss),0.7005882535811616,307
dass_fear,family_status,categorical,geschieden,1.1125894750795333,64
dass_fear,family_status,categorical,ledig,0.08584292119482173,399
dass_fear,family_status,categorical,sonstiger,0.8421567827718408,26
dass_fear,family_status,categorical,verheiratet,-0.2624105249204667,448
dass_fear,current_employed,categorical,ja,-0.3623183667435228,746
dass_fear,current_employed,categorical,nein,1.3720279268561835,197
dass_fear,working_hours_model,categorical,Teilzeit,-0.19042646050252543,344
dass_fear,working_hours_model,categorical,Vollzeit,0.16295199605191169,402
dass_fear,shiftwork,categorical,ja,0.1298109512691119,71
dass_fear,shiftwork,categorical,nein,-0.013613851610202676,677
dass_fear,working_hours_reduced,categorical,False,-0.29501529370659396,692
dass_fear,working_hours_reduced,categorical,True,0.8133489372309275,251
dass_fear,children,numeric,,0.018908996780994454,452
dass_fear,headache_days_per_month,numeric,,0.20804429726746554,943
dass_fear,headache_days_severe_per_month,numeric,,0.2281652684668531,943
dass_fear,days_medication,numeric,,0.09402931287968998,943
dass_fear,intensity,numeric,,0.19779087189619635,943
dass_fear,days_lost_work,numeric,,0.19614189585312078,943
dass_fear,days_lost_household,numeric,,0.27595331601184303,943
dass_fear,days_doctor,numeric,,0.20143475387360554,943
dass_fear,days_ER,numeric,,0.05347998516159003,943
dass_fear,days_hospital,numeric,,0.07207487826689501,943
dass_stress,gender,categorical,männlich,-0.3163228555993518,106
dass_stress,gender,categorical,weiblich,0.031287583899009874,835
dass_stress,birthyear,numeric,,-0.07724487082714444,943
dass_stress,weight,numeric,,0.014727698078800743,943
dass_stress,pregnant,categorical,nein,0.020291301455061195,828
dass_stress,highest_degree,categorical,Abitur oder fachgebundene Hochschulreife,-0.5553734831072488,442
dass_stress,highest_degree,categorical,Fachhochschulreife,0.7292626261808586,131
dass_stress,highest_degree,categorical,Hauptschulabschluss,-0.09253689828416434,61
dass_stress,highest_degree,categorical,Mittlerer Schulabschluss (Realschulabschluss),0.5152486519908397,307
dass_stress,family_status,categorical,geschieden,1.2337950689289503,64
dass_stress,family_status,categorical,ledig,-0.3438208458580174,399
dass_stress,family_status,categorical,sonstiger,2.1256219920058737,26
dass_stress,family_status,categorical,verheiratet,0.04406292607180706,448
dass_stress,current_employed,categorical,ja,-0.4020125718217198,746
dass_stress,current_employed,categorical,nein,1.522342023243672,197
dass_stress,working_hours_model,categorical,Teilzeit,-0.058233056923748805,344
dass_stress,working_hours_model,categorical,Vollzeit,0.049831272591466025,402
dass_stress,shiftwork,categorical,ja,0.05364540182270083,71
dass_stress,shiftwork,categorical,nein,-0.00562603180119936,677
dass_stress,working_hours_reduced,categorical,False,-0.6370503067935926,692
dass_stress,working_hours_reduced,categorical,True,1.7563299294867196,251
dass_stress,children,numeric,,0.009072327238607944,452
dass_stress,headache_days_per_month,numeric,,0.2859738220281133,943
dass_stress,headache_days_severe_per_month,numeric,,0.2822417697485985,943
dass_stress,days_medication,numeric,,0.18171295382856148,943
dass_stress,intensity,numeric,,0.16628507415681823,943
dass_stress,days_lost_work,numeric,,0.2809777605548835,943
dass_stress,days_lost_household,numeric,,0.3661490035478056,943
dass_stress,days_doctor,numeric,,0.24641736923287846,943
dass_stress,days_ER,numeric,,0.08127923642821303,943
dass_stress,days_hospital,numeric,,0.08894109658186822,943
midas_result,gender,categorical,männlich,3.6104764000880394,106
midas_result,gender,categorical,weiblich,-0.5680570989516198,835
midas_result,birthyear,numeric,,-0.04382314351972458,943
midas_result,weight,numeric,,0.0386882567821555,943
midas_result,pregnant,categorical,nein,0.2305114408863389,828
midas_result,highest_degree,categorical,Abitur oder fachgebundene Hochschulreife,-1.4696909353512169,442
midas_result,highest_degree,categorical,Fachhochschulreife,1.4307270122153568,131
midas_result,highest_degree,categorical,Hauptschulabschluss,-4.7241972776106955,61
midas_result,highest_degree,categorical,Mittlerer Schulabschluss (Realschulabschluss),2.6603811385798295,307
midas_result,family_status,categorical,geschieden,18.808589607635206,64
midas_result,family_status,categorical,ledig,-2.5310093898585286,399
midas_result,family_status,categorical,sonstiger,12.885512684558286,26
midas_result,family_status,categorical,verheiratet,-1.289624678079079,448
midas_result,current_employed,categorical,ja,-3.8723755398178774,746
midas_result,current_employed,categorical,nein,14.663919556873786,197
midas_result,working_hours_model,categorical,Teilzeit,0.97747677536006,344
midas_result,working_hours_model,categorical,Vollzeit,-0.8364477878702985,402
midas_result,shiftwork,categorical,ja,4.053532424493486,71
midas_result,shiftwork,categorical,nein,-0.42511196770906423,677
midas_result,working_hours_reduced,categorical,False,-6.25210403398329,692
midas_result,working_hours_reduced,categorical,True,17.23687646022485,251
midas_result,children,numeric,,-0.012471098785142916,452
midas_result,headache_days_per_month,numeric,,0.6014935837344813,943
midas_result,headache_days_severe_per_month,numeric,,0.6217155175053845,943
midas_result,days_medication,numeric,,0.46175723145552994,943
midas_result,intensity,numeric,,0.3853018214399795,943
midas_result,days_lost_work,numeric,,0.5574181063907928,943
midas_result,days_lost_household,numeric,,0.7607032070278958,943
midas_result,days_doctor,numeric,,0.43456214764348294,943
midas_result,days_ER,numeric,,0.10637352870276548,943
midas_result,days_hospital,numeric,,0.1037273892791156,943
gvas_result,gender,categorical,männlich,-0.7418215650573288,106
gvas_result,gender,categorical,weiblich,0.12491665661254103,835
gvas_result,birthyear,numeric,,0.04271730565973954,943
gvas_result,weight,numeric,,-0.10476144115081056,943
gvas_result,pregnant,categorical,nein,-0.027502965084323705,828
gvas_result,highest_degree,categorical,Abitur oder fachgebundene Hochschulreife,2.213612567957277,442
gvas_result,highest_degree,categorical,Fachhochschulreife,-0.7636421037293672,131
gvas_result,highest_degree,categorical,Hauptschulabschluss,-0.30337430245293007,61
gvas_result,highest_degree,categorical,Mittlerer Schulabschluss (Realschulabschluss),-2.8117312202721223,307
gvas_result,family_status,categorical,geschieden,-7.898661187698835,64
gvas_result,family_status,categorical,ledig,1.9269967070380076,399
gvas_result,family_status,categorical,sonstiger,-8.720776572314222,26
gvas_result,family_status,categorical,verheiratet,-0.11964333055598075,448
gvas_result,current_employed,categorical,ja,1.9909165602904437,746
gvas_result,current_employed,categorical,nein,-7.539206872978021,197
gvas_result,working_hours_model,categorical,Teilzeit,-1.1061475154311395,344
gvas_result,working_hours_model,categorical,Vollzeit,0.9465540928067426,402
gvas_result,shiftwork,categorical,ja,-2.056545153272573,71
gvas_result,shiftwork,categorical,nein,0.21567903379963838,677
gvas_result,working_hours_reduced,categorical,False,2.241873494382091,692
gvas_result,working_hours_reduced,categorical,True,-6.180782701643061,251
gvas_result,children,numeric,,-0.002155536520249162,452
gvas_result,headache_days_per_month,numeric,,-0.4382902110429559,943
gvas_result,headache_days_severe_per_month,numeric,,-0.4221017274975974,943
gvas_result,days_medication,numeric,,-0.29094429361382007,943
gvas_result,intensity,numeric,,-0.22124035716784932,943
gvas_result,days_lost_work,numeric,,-0.23915651215251818,943
gvas_result,days_lost_household,numeric,,-0.42083874270206434,943
gvas_result,days_doctor,numeric,,-0.303937725244773,943
gvas_result,days_ER,numeric,,-0.08757179405727741,943
gvas_result,days_hospital,numeric,,-0.10126974359137633,943
pgic_result,gender,categorical,männlich,0.1889393545289022,106
pgic_result,gender,categorical,weiblich,-0.023059289692089813,835
pgic_result,birthyear,numeric,,0.03433440516713046,943
pgic_result,weight,numeric,,0.04258150356879134,943
pgic_result,pregnant,categorical,nein,0.009715351904886038,828
pgic_result,highest_degree,categorical,Abitur oder fachgebundene Hochschulreife,-0.07884003589199784,442
pgic_result,highest_degree,categorical,Fachhochschulreife,-0.13080715274461063,131
pgic_result,highest_degree,categorical,Hauptschulabschluss,-0.099647097682666,61
pgic_result,highest_degree,categorical,Mittlerer Schulabschluss (Realschulabschluss),0.19164355218116702,307
pgic_result,family_status,categorical,geschieden,0.4103426564156947,64
pgic_result,family_status,categorical,ledig,-0.004326829799844223,399
pgic_result,family_status,categorical,sonstiger,0.151929194877233,26
pgic_result,family_status,categorical,verheiratet,-0.07180020072716253,448
pgic_result,current_employed,categorical,ja,-0.011197222940873885,746
pgic_result,current_employed,categorical,nein,0.042401666567978946,197
pgic_result,working_hours_model,categorical,Teilzeit,-0.006149074131803545,344
pgic_result,working_hours_model,categorical,Vollzeit,0.005261894281941792,402
pgic_result,shiftwork,categorical,ja,0.19876478120057284,71
pgic_result,shiftwork,categorical,nein,-0.02084534632974977,677
pgic_result,working_hours_reduced,categorical,False,-0.07294852855540368,692
pgic_result,working_hours_reduced,categorical,True,0.20111705880613284,251
pgic_result,children,numeric,,0.05572717361653389,452
pgic_result,headache_days_per_month,numeric,,0.36992303641921187,943
pgic_result,headache_days_severe_per_month,numeric,,0.34890249423534203,943
pgic_result,days_medication,numeric,,0.3197122667140593,943
pgic_result,intensity,numeric,,0.2065583726038935,943
pgic_result,days_lost_work,numeric,,0.2257962436082601,943
pgic_result,days_lost_household,numeric,,0.33321211735528705,943
pgic_result,days_doctor,numeric,,0.18056558775924608,943
pgic_result,days_ER,numeric,,0.1356369183636274,943
pgic_result,days_hospital,numeric,,0.11489677791969086,943
dass_depression,gender,categorical,männlich,0.25660942316160273,75
dass_depression,gender,categorical,weiblich,-0.033199681096840905,681
dass_depression,birthyear,numeric,,-0.012418901077012318,757
dass_depression,weight,numeric,,0.0823543667748741,757
dass_depression,pregnant,categorical,nein,0.023142437591777032,675
dass_depression,highest_degree,categorical,Abitur oder fachgebundene Hochschulreife,-0.6938667673145877,350
dass_depression,highest_degree,categorical,Fachhochschulreife,0.1132760898282692,108
dass_depression,highest_degree,categorical,Hauptschulabschluss,0.8369603003545851,57
dass_depression,highest_degree,categorical,Mittlerer Schulabschluss (Realschulabschluss),0.7231087258115325,239
dass_depression,family_status,categorical,geschieden,1.0484612750134543,54
dass_depression,family_status,categorical,ledig,0.3314289560703072,314
dass_depression,family_status,categorical,sonstiger,1.8077205342727138,18
dass_depression,family_status,categorical,verheiratet,-0.4837184456908563,366
dass_depression,current_employed,categorical,ja,-0.3486444399730555,604
dass_depression,current_employed,categorical,nein,1.3763479852531058,153
dass_depression,working_hours_model,categorical,Teilzeit,-0.011855693974899495,286
dass_depression,working_hours_model,categorical,Vollzeit,0.010662668166104616,318
dass_depression,shiftwork,categorical,ja,0.6885700920006235,53
dass_depression,shiftwork,categorical,nein,-0.06611270810875602,552
dass_depression,working_hours_reduced,categorical,False,-0.29008144193216623,551
dass_depression,working_hours_reduced,categorical,True,0.7758974490515698,206
dass_depression,children,numeric,,-0.010886497962000816,370
dass_depression,headache_days_per_month,numeric,,0.3426740382872132,757
dass_depression,headache_days_severe_per_month,numeric,,0.3071239840214543,757
dass_depression,days_medication,numeric,,0.16761048783096089,757
dass_depression,intensity,numeric,,0.14742612413768366,757
dass_depression,days_lost_work,numeric,,0.2504029089221215,757
dass_depression,days_lost_household,numeric,,0.3341117561422721,757
dass_depression,days_doctor,numeric,,0.1711485306691745,757
dass_depression,days_ER,numeric,,0.07093856415567032,757
dass_depression,days_hospital,numeric,,0.08277621278069903,757
dass_fear,gender,categorical,männlich,-0.4873271686481728,75
dass_fear,gender,categorical,weiblich,0.05146871975123979,681
dass_fear,birthyear,numeric,,-0.015167917372116858,757
dass_fear,weight,numeric,,0.053201572263021864,757
dass_fear,pregnant,categorical,nein,0.022685593082068856,675
dass_fear,highest_degree,categorical,Abitur oder fachgebundene Hochschulreife,-0.6549462162672204,350
dass_fear,highest_degree,categorical,Fachhochschulreife,0.5085987572777535,108
dass_fear,highest_degree,categorical,Hauptschulabschluss,0.499339498018494,57
dass_fear,highest_degree,categorical,Mittlerer Schulabschluss (Realschulabschluss),0.5662851047130548,239
dass_fear,family_status,categorical,geschieden,1.0919320906110865,54
dass_fear,family_status,categorical,ledig,0.24774714133059605,314
dass_fear,family_status,categorical,sonstiger,0.999339498018494,18
dass_fear,family_status,categorical,verheiratet,-0.38863864405800896,366
dass_fear,current_employed,categorical,ja,-0.2705280516503801,604
dass_fear,current_employed,categorical,nein,1.067966948998886,153
dass_fear,working_hours_model,categorical,Teilzeit,-0.15320937340804885,286
dass_fear,working_hours_model,categorical,Vollzeit,0.13779207797076065,318
dass_fear,shiftwork,categorical,ja,0.585560580071729,53
dass_fear,shiftwork,categorical,nein,-0.05622230207210466,552
dass_fear,working_hours_reduced,categorical,False,-0.33913600107406516,551
dass_fear,working_hours_reduced,categorical,True,0.9071064883097559,206
dass_fear,children,numeric,,0.07501200632837211,370
dass_fear,headache_days_per_month,numeric,,0.22951604846052384,757
dass_fear,headache_days_severe_per_month,numeric,,0.21354953867206553,757
dass_fear,days_medication,numeric,,0.10752397066881758,757
dass_fear,intensity,numeric,,0.12711534387325413,757
dass_fear,days_lost_work,numeric,,0.18547839989847703,757
dass_fear,days_lost_household,numeric,,0.2862877241801423,757
dass_fear,days_doctor,numeric,,0.16253100863290967,757
dass_fear,days_ER,numeric,,0.0897225959532163,757
dass_fear,days_hospital,numeric,,0.10900500610887495,757
dass_stress,gender,categorical,männlich,-0.5355526199911935,75
dass_stress,gender,categorical,weiblich,0.05863240203523823,681
dass_stress,birthyear,numeric,,-0.027409467894447533,757
dass_stress,weight,numeric,,0.04289869089259459,757
dass_stress,pregnant,categorical,nein,-0.0001109479523577761,675
dass_stress,highest_degree,categorical,Abitur oder fachgebundene Hochschulreife,-0.5650764295150026,350
dass_stress,highest_degree,categorical,Fachhochschulreife,0.32111404667547294,108
dass_stress,highest_degree,categorical,Hauptschulabschluss,0.43076316948249094,57
dass_stress,highest_degree,categorical,Mittlerer Schulabschluss (Realschulabschluss),0.5474041443044833,239
dass_stress,family_status,categorical,geschieden,1.4785214540828804,54
dass_stress,family_status,categorical,ledig,0.05943676429755396,314
dass_stress,family_status,categorical,sonstiger,2.7933362688976953,18
dass_stress,family_status,categorical,verheiratet,-0.36604442326988185,366
dass_stress,current_employed,categorical,ja,-0.1926828628168007,604
dass_stress,current_employed,categorical,nein,0.7606565303356039,153
dass_stress,working_hours_model,categorical,Teilzeit,0.035358681054045604,286
dass_stress,working_hours_model,categorical,Vollzeit,-0.03180057478445519,318
dass_stress,shiftwork,categorical,ja,0.7733665990955867,53
dass_stress,shiftwork,categorical,nein,-0.07425440172475728,552
dass_stress,working_hours_reduced,categorical,False,-0.42646611061430306,551
dass_stress,working_hours_reduced,categorical,True,1.1406933347013632,206
dass_stress,children,numeric,,0.010165899069858991,370
dass_stress,headache_days_per_month,numeric,,0.26351238442814484,757
dass_stress,headache_days_severe_per_month,numeric,,0.2538700850932286,757
dass_stress,days_medication,numeric,,0.1459855579436537,757
dass_stress,intensity,numeric,,0.15563003491864427,757
dass_stress,days_lost_work,numeric,,0.2053691864234414,757
dass_stress,days_lost_household,numeric,,0.3050763125834307,757
dass_stress,days_doctor,numeric,,0.17641675583895558,757
dass_stress,days_ER,numeric,,0.08907957589035832,757
dass_stress,days_hospital,numeric,,0.0770848209581263,757
midas_result,gender,categorical,männlich,-1.793166006164686,75
midas_result,gender,categorical,weiblich,0.0248662992685027,681
midas_result,birthyear,numeric,,-0.002747733524755287,757
midas_result,weight,numeric,,0.012108392513704028,757
midas_result,pregnant,categorical,nein,0.13159732419644143,675
midas_result,highest_degree,categorical,Abitur oder fachgebundene Hochschulreife,-1.5122136252123042,350
midas_result,highest_degree,categorical,Fachhochschulreife,4.433130290131608,108
midas_result,highest_degree,categorical,Hauptschulabschluss,-11.00790284826995,57
midas_result,highest_degree,categorical,Mittlerer Schulabschluss (Realschulabschluss),3.1392747190793884,239
midas_result,family_status,categorical,geschieden,16.164611771613096,54
midas_result,family_status,categorical,ledig,-1.5420407407719026,314
midas_result,family_status,categorical,sonstiger,16.886833993835317,18
midas_result,family_status,categorical,verheiratet,-1.7880293941428285,366
midas_result,current_employed,categorical,ja,-5.196499339498018,604
midas_result,current_employed,categorical,nein,20.514284974227472,153
midas_result,working_hours_model,categorical,Teilzeit,1.9842657342657333,286
midas_result,working_hours_model,categorical,Vollzeit,-1.7845911949685522,318
midas_result,shiftwork,categorical,ja,1.2906907843442994,53
midas_result,shiftwork,categorical,nein,-0.12392502096059488,552
midas_result,working_hours_reduced,categorical,False,-6.4700928059227,551
midas_result,working_hours_reduced,categorical,True,17.305927844968004,206
midas_result,children,numeric,,-0.0583093474345468,370
midas_result,headache_days_per_month,numeric,,0.6253881885115696,757
midas_result,headache_days_severe_per_month,numeric,,0.6081627505524434,757
midas_result,days_medication,numeric,,0.4380537166744186,757
midas_result,intensity,numeric,,0.3014790462266296,757
midas_result,days_lost_work,numeric,,0.5284910990974877,757
midas_result,days_lost_household,numeric,,0.7455586536586295,757
midas_result,days_doctor,numeric,,0.38244511836013884,757
midas_result,days_ER,numeric,,0.12202653563424838,757
midas_result,days_hospital,numeric,,0.13506907338158242,757
gvas_result,gender,categorical,männlich,3.529881109643327,75
gvas_result,gender,categorical,weiblich,-0.3364331341158504,681
gvas_result,birthyear,numeric,,0.0031845178451781735,757
gvas_result,weight,numeric,,-0.07947425205706575,757
gvas_result,pregnant,categorical,nein,-0.06553760809266862,675
gvas_result,highest_degree,categorical,Abitur oder fachgebundene Hochschulreife,2.7555953953576164,350
gvas_result,highest_degree,categorical,Fachhochschulreife,0.24951073927295653,108
gvas_result,highest_degree,categorical,Hauptschulabschluss,-4.9108206447426355,57
gvas_result,highest_degree,categorical,Mittlerer Schulabschluss (Realschulabschluss),-2.9313741204821895,239
gvas_result,family_status,categorical,geschieden,-4.407896668134448,54
gvas_result,family_status,categorical,ledig,-0.05050105596176735,314
gvas_result,family_status,categorical,sonstiger,-16.63011889035667,18
gvas_result,family_status,categorical,verheiratet,1.580263623304532,366
gvas_result,current_employed,categorical,ja,2.6000135599744567,604
gvas_result,current_employed,categorical,nein,-10.264105818461246,153
gvas_result,working_hours_model,categorical,Teilzeit,-0.4469156671143466,286
gvas_result,working_hours_model,categorical,Vollzeit,0.40194302136698923,318
gvas_result,shiftwork,categorical,ja,1.397848121004209,53
gvas_result,shiftwork,categorical,nein,-0.1342136782848229,552
gvas_result,working_hours_reduced,categorical,False,2.074055338318466,551
gvas_result,working_hours_reduced,categorical,True,-5.547594618512008,206
gvas_result,children,numeric,,-0.03618748517092229,370
gvas_result,headache_days_per_month,numeric,,-0.41291268208881904,757
gvas_result,headache_days_severe_per_month,numeric,,-0.3661379631861894,757
gvas_result,days_medication,numeric,,-0.2794676927561075,757
gvas_result,intensity,numeric,,-0.1512978951104411,757
gvas_result,days_lost_work,numeric,,-0.25320315030514456,757
gvas_result,days_lost_household,numeric,,-0.4011460308680823,757
gvas_result,days_doctor,numeric,,-0.2744625705638802,757
gvas_result,days_ER,numeric,,-0.11149811055776183,757
gvas_result,days_hospital,numeric,,-0.10484169912829687,757
pgic_result,gender,categorical,männlich,-0.16519594892118006,75
pgic_result,gender,categorical,weiblich,0.016536797040640927,681
pgic_result,birthyear,numeric,,-0.015125588430473909,757
pgic_result,weight,numeric,,0.01735408264609778,757
pgic_result,pregnant,categorical,nein,-0.0024734867025615337,675
pgic_result,highest_degree,categorical,Abitur oder fachgebundene Hochschulreife,-0.1318626155878464,350
pgic_result,highest_degree,categorical,Fachhochschulreife,0.044804051078819906,108
pgic_result,highest_degree,categorical,Hauptschulabschluss,-0.0823889313773205,57
pgic_result,highest_degree,categorical,Mittlerer Schulabschluss (Realschulabschluss),0.17834658943307424,239
pgic_result,family_status,categorical,geschieden,-0.05704780077303173,54
pgic_result,family_status,categorical,ledig,-0.02472885762606314,314
pgic_result,family_status,categorical,sonstiger,0.7392484955232641,18
pgic_result,family_status,categorical,verheiratet,-0.008474637445770039,366
pgic_result,current_employed,categorical,ja,-0.050670562607713965,604
pgic_result,current_employed,categorical,nein,0.20003280924875444,153
pgic_result,working_hours_model,categorical,Teilzeit,0.04594081415273443,286
pgic_result,working_hours_model,categorical,Vollzeit,-0.04131783914365483,318
pgic_result,shiftwork,categorical,ja,-0.2537969748947453,53
pgic_result,shiftwork,categorical,nein,0.024368187806922847,552
pgic_result,working_hours_reduced,categorical,False,-0.046091290723962786,551
pgic_result,working_hours_reduced,categorical,True,0.12328301548011433,206
pgic_result,children,numeric,,0.02180420141958885,370
pgic_result,headache_days_per_month,numeric,,0.3372323134356966,757
pgic_result,headache_days_severe_per_month,numeric,,0.30163367177478523,757
pgic_result,days_medication,numeric,,0.2580544350969089,757
pgic_result,intensity,numeric,,0.1624460346329217,757
pgic_result,days_lost_work,numeric,,0.20746300591395977,757
pgic_result,days_lost_household,numeric,,0.2532960460209441,757
pgic_result,days_doctor,numeric,,0.1852603417775765,757
pgic_result,days_ER,numeric,,0.08275087852138191,757
pgic_result,days_hospital,numeric,,0.042225999294598124,757
dass_depression,gender,categorical,männlich,0.6673758865248223,60
dass_depression,gender,categorical,weiblich,-0.09233252964482652,503
dass_depression,birthyear,numeric,,-0.053599469657539936,564
dass_depression,weight,numeric,,0.07754346273788974,564
dass_depression,pregnant,categorical,nein,-0.004958250497018035,500
dass_depression,highest_degree,categorical,Abitur oder fachgebundene Hochschulreife,-0.7609449154801902,266
dass_depression,highest_degree,categorical,Fachhochschulreife,0.5146332704910668,79
dass_depression,highest_degree,categorical,Hauptschulabschluss,1.5545553737043099,39
dass_depression,highest_degree,categorical,Mittlerer Schulabschluss (Realschulabschluss),0.5355406805323133,178
dass_depression,family_status,categorical,geschieden,0.8757092198581553,40
dass_depression,family_status,categorical,ledig,0.12469112031064444,221
dass_depression,family_status,categorical,sonstiger,1.1507092198581557,16
dass_depression,family_status,categorical,verheiratet,-0.26360173420544886,283
dass_depression,current_employed,categorical,ja,-0.44104902190008577,455
dass_depression,current_employed,categorical,nein,1.84107619233522,109
dass_depression,working_hours_model,categorical,Teilzeit,-0.31661279896574035,221
dass_depression,working_hours_model,categorical,Vollzeit,0.29902319902319885,234
dass_depression,shiftwork,categorical,ja,0.6917582417582411,40
dass_depression,shiftwork,categorical,nein,-0.06667549318151789,415
dass_depression,working_hours_reduced,categorical,False,-0.24461097718617975,406
dass_depression,working_hours_reduced,categorical,True,0.6285573211239788,158
dass_depression,children,numeric,,-0.009033725274125317,285
dass_depression,headache_days_per_month,numeric,,0.30339924543230834,564
dass_depression,headache_days_severe_per_month,numeric,,0.2836557163938663,564
dass_depression,days_medication,numeric,,0.15963637010368914,564
dass_depression,intensity,numeric,,0.14817843378624143,564
dass_depression,days_lost_work,numeric,,0.17726175996530574,564
dass_depression,days_lost_household,numeric,,0.3911362372821533,564
dass_depression,days_doctor,numeric,,0.24526081471106953,564
dass_depression,days_ER,binary,,-0.008019064806126741,564
dass_depression,days_hospital,numeric,,0.04942396747305169,564
dass_fear,gender,categorical,männlich,0.5180851063829786,60
dass_fear,gender,categorical,weiblich,-0.05908520508156734,503
dass_fear,birthyear,numeric,,-0.014075046839807275,564
dass_fear,weight,numeric,,0.07563501661701778,564
dass_fear,pregnant,categorical,nein,-0.006163021868787588,500
dass_fear,highest_degree,categorical,Abitur oder fachgebundene Hochschulreife,-0.8050978510105051,266
dass_fear,highest_degree,categorical,Fachhochschulreife,1.1917137983661013,79
dass_fear,highest_degree,categorical,Hauptschulabschluss,0.2757774140752862,39
dass_fear,highest_degree,categorical,Mittlerer Schulabschluss (Realschulabschluss),0.6010439078811061,178
dass_fear,family_status,categorical,geschieden,1.359751773049645,40
dass_fear,family_status,categorical,ledig,0.10986489522159104,221
dass_fear,family_status,categorical,sonstiger,0.38475177304964525,16
dass_fear,family_status,categorical,verheiratet,-0.2592411598125457,283
dass_fear,current_employed,categorical,ja,-0.257555919258047,455
dass_fear,current_employed,categorical,nein,1.0751187455267095,109
dass_fear,working_hours_model,categorical,Teilzeit,-0.21628959276018112,221
dass_fear,working_hours_model,categorical,Vollzeit,0.204273504273504,234
dass_fear,shiftwork,categorical,ja,0.6923076923076921,40
dass_fear,shiftwork,categorical,nein,-0.06672845227062085,415
dass_fear,working_hours_reduced,categorical,False,-0.20761275897005937,406
dass_fear,working_hours_reduced,categorical,True,0.533485950264835,158
dass_fear,children,numeric,,0.011116951024488588,285
dass_fear,headache_days_per_month,numeric,,0.23890147575205184,564
dass_fear,headache_days_severe_per_month,numeric,,0.2609639160011495,564
dass_fear,days_medication,numeric,,0.1340809272286918,564
dass_fear,intensity,numeric,,0.16627698087146456,564
dass_fear,days_lost_work,numeric,,0.20464450945155896,564
dass_fear,days_lost_household,numeric,,0.34980162285684846,564
dass_fear,days_doctor,numeric,,0.19777545037904715,564
dass_fear,days_ER,binary,,0.07857009534016647,564
dass_fear,days_hospital,numeric,,-0.02734671005766013,564
dass_stress,gender,categorical,männlich,0.3468085106382972,60
dass_stress,gender,categorical,weiblich,-0.04192575046176916,503
dass_stress,birthyear,numeric,,-0.009351305359486735,564
dass_stress,weight,numeric,,0.02262054538283691,564
dass_stress,pregnant,categorical,nein,-0.027932405566599705,500
dass_stress,highest_degree,categorical,Abitur oder fachgebundene Hochschulreife,-0.7424145470058132,266
dass_stress,highest_degree,categorical,Fachhochschulreife,1.1915342490349223,79
dass_stress,highest_degree,categorical,Hauptschulabschluss,0.2545008183306052,39
dass_stress,highest_degree,categorical,Mittlerer Schulabschluss (Realschulabschluss),0.5441867877918556,178
dass_stress,family_status,categorical,geschieden,0.730141843971631,40
dass_stress,family_status,categorical,ledig,0.05389750008022798,221
dass_stress,family_status,categorical,sonstiger,0.7176418439716308,16
dass_stress,family_status,categorical,verheiratet,-0.15095356238879365,283
dass_stress,current_employed,categorical,ja,-0.23414387031408346,455
dass_stress,current_employed,categorical,nein,0.9773895503936494,109
dass_stress,working_hours_model,categorical,Teilzeit,-0.25946994182288297,221
dass_stress,working_hours_model,categorical,Vollzeit,0.24505494505494507,234
dass_stress,shiftwork,categorical,ja,0.9142857142857146,40
dass_stress,shiftwork,categorical,nein,-0.08812392426850302,415
dass_stress,working_hours_reduced,categorical,False,-0.33808475701359075,406
dass_stress,working_hours_reduced,categorical,True,0.8687494389083392,158
dass_stress,children,numeric,,-0.010752948620510698,285
dass_stress,headache_days_per_month,numeric,,0.2636127792245906,564
dass_stress,headache_days_severe_per_month,numeric,,0.2880237277200487,564
dass_stress,days_medication,numeric,,0.16120095944087443,564
dass_stress,intensity,numeric,,0.19194215267527454,564
dass_stress,days_lost_work,numeric,,0.19657791453233125,564
dass_stress,days_lost_household,numeric,,0.4001453986248249,564
dass_stress,days_doctor,numeric,,0.19343507401109228,564
dass_stress,days_ER,binary,,-0.013467198895624352,564
dass_stress,days_hospital,numeric,,0.061936228353078576,564
midas_result,gender,categorical,männlich,3.8645390070922048,60
midas_result,gender,categorical,weiblich,-0.6966604627553821,503
midas_result,birthyear,numeric,,0.00961726133716472,564
midas_result,weight,numeric,,0.02481865988057482,564
midas_result,pregnant,categorical,nein,-0.31346719681908297,500
midas_result,highest_degree,categorical,Abitur oder fachgebundene Hochschulreife,-2.6927291633338655,266
midas_result,highest_degree,categorical,Fachhochschulreife,8.82635335308376,79
midas_result,highest_degree,categorical,Hauptschulabschluss,-3.8880250954718996,39
midas_result,highest_degree,categorical,Mittlerer Schulabschluss (Realschulabschluss),1.2725914415491317,178
midas_result,family_status,categorical,geschieden,12.347872340425532,40
midas_result,family_status,categorical,ledig,-1.836743044189852,221
midas_result,family_status,categorical,sonstiger,-2.264627659574465,16
midas_result,family_status,categorical,verheiratet,0.08144124501917105,283
midas_result,current_employed,categorical,ja,-5.430149637596443,455
midas_result,current_employed,categorical,nein,22.667138395471405,109
midas_result,working_hours_model,categorical,Teilzeit,1.2676147382029725,221
midas_result,working_hours_model,categorical,Vollzeit,-1.1971916971916983,234
midas_result,shiftwork,categorical,ja,10.853021978021978,40
midas_result,shiftwork,categorical,nein,-1.0460744075201909,415
midas_result,working_hours_reduced,categorical,False,-7.287103029032593,406
midas_result,working_hours_reduced,categorical,True,18.72508753029895,158
midas_result,children,numeric,,-0.0567643562419163,285
midas_result,headache_days_per_month,numeric,,0.6049957414180017,564
midas_result,headache_days_severe_per_month,numeric,,0.597998476895904,564
midas_result,days_medication,numeric,,0.3700184260256184,564
midas_result,intensity,numeric,,0.3762748071876843,564
midas_result,days_lost_work,numeric,,0.5078449451855518,564
midas_result,days_lost_household,numeric,,0.7841707948698363,564
midas_result,days_doctor,numeric,,0.40869926079274244,564
midas_result,days_ER,binary,,0.0029669551152590283,564
midas_result,days_hospital,numeric,,0.09486306460488114,564
gvas_result,gender,categorical,männlich,-1.2088652482269495,60
gvas_result,gender,categorical,weiblich,0.22738392340989577,503
gvas_result,birthyear,numeric,,0.02620712009860967,564
gvas_result,weight,numeric,,-0.1349062990020269,564
gvas_result,pregnant,categorical,nein,0.0744174950298202,500
gvas_result,highest_degree,categorical,Abitur oder fachgebundene Hochschulreife,3.304417959793099,266
gvas_result,highest_degree,categorical,Fachhochschulreife,-2.158654277762814,79
gvas_result,highest_degree,categorical,Hauptschulabschluss,-4.996044735406436,39
gvas_result,highest_degree,categorical,Mittlerer Schulabschluss (Realschulabschluss),-2.780400828751297,178
gvas_result,family_status,categorical,geschieden,-5.567198581560284,40
gvas_result,family_status,categorical,ledig,1.14422675780623,221
gvas_result,family_status,categorical,sonstiger,-14.217198581560282,16
gvas_result,family_status,categorical,verheiratet,0.5818296869909574,283
gvas_result,current_employed,categorical,ja,2.9182409788792754,455
gvas_result,current_employed,categorical,nein,-12.181648122844685,109
gvas_result,working_hours_model,categorical,Teilzeit,-0.3893988364576586,221
gvas_result,working_hours_model,categorical,Vollzeit,0.36776556776557356,234
gvas_result,shiftwork,categorical,ja,-2.985439560439559,40
gvas_result,shiftwork,categorical,nein,0.2877532106447802,415
gvas_result,working_hours_reduced,categorical,False,2.327752157355974,406
gvas_result,working_hours_reduced,categorical,True,-5.981439087889399,158
gvas_result,children,numeric,,0.03825055696117636,285
gvas_result,headache_days_per_month,numeric,,-0.4766372380364132,564
gvas_result,headache_days_severe_per_month,numeric,,-0.44214798284343865,564
gvas_result,days_medication,numeric,,-0.30488200236435725,564
gvas_result,intensity,numeric,,-0.2528753358514678,564
gvas_result,days_lost_work,numeric,,-0.2951621273273535,564
gvas_result,days_lost_household,numeric,,-0.530530402231859,564
gvas_result,days_doctor,numeric,,-0.2534450667914896,564
gvas_result,days_ER,binary,,0.010215331914192794,564
gvas_result,days_hospital,numeric,,-0.07825182338554011,564
pgic_result,gender,categorical,männlich,0.3446808510638295,60
pgic_result,gender,categorical,weiblich,-0.04325818140800619,503
pgic_result,birthyear,numeric,,-0.10207148404692692,564
pgic_result,weight,numeric,,0.10813335163629807,564
pgic_result,pregnant,categorical,nein,-0.0007276341948307952,500
pgic_result,highest_degree,categorical,Abitur oder fachgebundene Hochschulreife,-0.109955740414867,266
pgic_result,highest_degree,categorical,Fachhochschulreife,-0.06122632193195088,79
pgic_result,highest_degree,categorical,Hauptschulabschluss,-0.07583196944899084,39
pgic_result,highest_degree,categorical,Mittlerer Schulabschluss (Realschulabschluss),0.2016096900151405,178
pgic_result,family_status,categorical,geschieden,0.42801418439716254,40
pgic_result,family_status,categorical,ledig,-0.13013061198292775,221
pgic_result,family_status,categorical,sonstiger,0.0155141843971629,16
pgic_result,family_status,categorical,verheiratet,0.04621206425582036,283
pgic_result,current_employed,categorical,ja,-0.09780999142701274,455
pgic_result,current_employed,categorical,nein,0.40828941375496086,109
pgic_result,working_hours_model,categorical,Teilzeit,-0.023270846800258926,221
pgic_result,working_hours_model,categorical,Vollzeit,0.0219780219780219,234
pgic_result,shiftwork,categorical,ja,-0.17417582417582445,40
pgic_result,shiftwork,categorical,nein,0.016788031245862367,415
pgic_result,working_hours_reduced,categorical,False,-0.02297103727771388,406
pgic_result,working_hours_reduced,categorical,True,0.0590268426250109,158
pgic_result,children,numeric,,-0.04110476848725349,285
pgic_result,headache_days_per_month,numeric,,0.32997883418731,564
pgic_result,headache_days_severe_per_month,numeric,,0.2789557285570788,564
pgic_result,days_medication,numeric,,0.2513078849475792,564
pgic_result,intensity,numeric,,0.12584746108413558,564
pgic_result,days_lost_work,numeric,,0.18678415207912802,564
pgic_result,days_lost_household,numeric,,0.27343094165220183,564
pgic_result,days_doctor,numeric,,0.15245260113448947,564
pgic_result,days_ER,binary,,0.00565953696327107,564
pgic_result,days_hospital,numeric,,0.07527908463068102,564
dass_depression,gender,categorical,männlich,-0.05978260869565233,48
dass_depression,gender,categorical,weiblich,0.006964964119881678,412
dass_depression,birthyear,numeric,,-0.06533832569821918,460
dass_depression,weight,numeric,,0.07759342173247401,460
dass_depression,pregnant,categorical,nein,0.0330681520001912,407
dass_depression,highest_degree,categorical,Abitur oder fachgebundene Hochschulreife,-0.3843131251275773,213
dass_depression,highest_degree,categorical,Fachhochschulreife,0.19757033248081868,68
dass_depression,highest_degree,categorical,Hauptschulabschluss,-0.5736714975845416,36
dass_depression,highest_degree,categorical,Mittlerer Schulabschluss (Realschulabschluss),0.6059975331483196,141
dass_depression,family_status,categorical,geschieden,1.0152173913043478,40
dass_depression,family_status,categorical,ledig,0.27173913043478226,184
dass_depression,family_status,categorical,sonstiger,1.0844481605351168,13
dass_depression,family_status,categorical,verheiratet,-0.43591383041510934,221
dass_depression,current_employed,categorical,ja,-0.565541416283728,369
dass_depression,current_employed,categorical,nein,2.2932393693263258,91
dass_depression,working_hours_model,categorical,Teilzeit,-0.2612866469573789,176
dass_depression,working_hours_model,categorical,Vollzeit,0.2382717609559517,193
dass_depression,shiftwork,categorical,ja,0.09504452187379009,28
dass_depression,shiftwork,categorical,nein,-0.007804242265296857,341
dass_depression,working_hours_reduced,categorical,False,-0.34636797454931045,328
dass_depression,working_hours_reduced,categorical,True,0.8606719367588935,132
dass_depression,children,numeric,,0.02167892031899517,218
dass_depression,headache_days_per_month,numeric,,0.2734524061673621,460
dass_depression,headache_days_severe_per_month,numeric,,0.22701886175832722,460
dass_depression,days_medication,numeric,,0.10559586846668215,460
dass_depression,intensity,numeric,,0.17020204087070243,460
dass_depression,days_lost_work,numeric,,0.16672269559583275,460
dass_depression,days_lost_household,numeric,,0.3490300019795341,460
dass_depression,days_doctor,numeric,,0.1765201084233249,460
dass_depression,days_ER,binary,,0.134392058531656,460
dass_depression,days_hospital,numeric,,0.08926585066234327,460
dass_fear,gender,categorical,männlich,-0.25144927536231876,48
dass_fear,gender,categorical,weiblich,0.029295061207260442,412
dass_fear,birthyear,numeric,,-0.035768663469739705,460
dass_fear,weight,numeric,,0.019312447652138975,460
dass_fear,pregnant,categorical,nein,0.004472698647455697,407
dass_fear,highest_degree,categorical,Abitur oder fachgebundene Hochschulreife,-0.5272708716064503,213
dass_fear,highest_degree,categorical,Fachhochschulreife,1.0916879795396421,68
dass_fear,highest_degree,categorical,Hauptschulabschluss,-0.08478260869565224,36
dass_fear,highest_degree,categorical,Mittlerer Schulabschluss (Realschulabschluss),0.27514646931853237,141
dass_fear,family_status,categorical,geschieden,1.6902173913043481,40
dass_fear,family_status,categorical,ledig,0.0945652173913043,184
dass_fear,family_status,categorical,sonstiger,0.819063545150502,13
dass_fear,family_status,categorical,verheiratet,-0.4207554593743854,221
dass_fear,current_employed,categorical,ja,-0.30226228349240003,369
dass_fear,current_employed,categorical,nein,1.225656951743908,91
dass_fear,working_hours_model,categorical,Teilzeit,-0.3279748706577976,176
dass_fear,working_hours_model,categorical,Vollzeit,0.29908589241332795,193
dass_fear,shiftwork,categorical,ja,0.9317653890824622,28
dass_fear,shiftwork,categorical,nein,-0.07650859499797358,341
dass_fear,working_hours_reduced,categorical,False,-0.29819724284199367,328
dass_fear,working_hours_reduced,categorical,True,0.7409749670619239,132
dass_fear,children,numeric,,0.045672391464584065,218
dass_fear,headache_days_per_month,numeric,,0.21625166113665242,460
dass_fear,headache_days_severe_per_month,numeric,,0.21763487929197203,460
dass_fear,days_medication,numeric,,0.03812242432605515,460
dass_fear,intensity,numeric,,0.19340858102169003,460
dass_fear,days_lost_work,numeric,,0.2524458484409052,460
dass_fear,days_lost_household,numeric,,0.30423999610329777,460
dass_fear,days_doctor,numeric,,0.21121078876754168,460
dass_fear,days_ER,binary,,0.10427399624012329,460
dass_fear,days_hospital,numeric,,0.07949577106124833,460
dass_stress,gender,categorical,männlich,0.4436594202898547,48
dass_stress,gender,categorical,weiblich,-0.051688476150274276,412
dass_stress,birthyear,numeric,,-0.08032078100133412,460
dass_stress,weight,numeric,,0.03599392309929551,460
dass_stress,pregnant,categorical,nein,0.030104243696476907,407
dass_stress,highest_degree,categorical,Abitur oder fachgebundene Hochschulreife,-0.5941926923862013,213
dass_stress,highest_degree,categorical,Fachhochschulreife,1.5037084398976974,68
dass_stress,highest_degree,categorical,Hauptschulabschluss,-0.7021739130434783,36
dass_stress,highest_degree,categorical,Mittlerer Schulabschluss (Realschulabschluss),0.3758402713536846,141
dass_stress,family_status,categorical,geschieden,1.447826086956522,40
dass_stress,family_status,categorical,ledig,0.2597826086956525,184
dass_stress,family_status,categorical,sonstiger,1.1439799331103675,13
dass_stress,family_status,categorical,verheiratet,-0.5076037772968718,221
dass_stress,current_employed,categorical,ja,-0.30921998350418267,369
dass_stress,current_employed,categorical,nein,1.2538700430004779,91
dass_stress,working_hours_model,categorical,Teilzeit,-0.3645448386302048,176
dass_stress,working_hours_model,categorical,Vollzeit,0.3324346714969737,193
dass_stress,shiftwork,categorical,ja,1.1070460704607044,28
dass_stress,shiftwork,categorical,nein,-0.09090114361554225,341
dass_stress,working_hours_reduced,categorical,False,-0.4369300106044536,328
dass_stress,working_hours_reduced,categorical,True,1.0857048748353098,132
dass_stress,children,numeric,,0.036956254011796134,218
dass_stress,headache_days_per_month,numeric,,0.25694195696557065,460
dass_stress,headache_days_severe_per_month,numeric,,0.2512837946935546,460
dass_stress,days_medication,numeric,,0.10444764022575757,460
dass_stress,intensity,numeric,,0.21452639852958877,460
dass_stress,days_lost_work,numeric,,0.2294211680577541,460
dass_stress,days_lost_household,numeric,,0.38649571953877876,460
dass_stress,days_doctor,numeric,,0.20779924479642728,460
dass_stress,days_ER,binary,,0.05014347078463007,460
dass_stress,days_hospital,numeric,,0.06808067862912767,460
midas_result,gender,categorical,männlich,6.850543478260867,48
midas_result,gender,categorical,weiblich,-0.7981215702828237,412
midas_result,birthyear,numeric,,-0.050894308180609735,460
midas_result,weight,numeric,,0.07799909606259017,460
midas_result,pregnant,categorical,nein,0.19335178073042414,407
midas_result,highest_degree,categorical,Abitur oder fachgebundene Hochschulreife,-3.5059706062461764,213
midas_result,highest_degree,categorical,Fachhochschulreife,11.280690537084396,68
midas_result,highest_degree,categorical,Hauptschulabschluss,-9.420289855072465,36
midas_result,highest_degree,categorical,Mittlerer Schulabschluss (Realschulabschluss),2.691412272587108,141
midas_result,family_status,categorical,geschieden,18.188043478260866,40
midas_result,family_status,categorical,ledig,-2.3641304347826093,184
midas_result,family_status,categorical,sonstiger,2.2015050167224075,13
midas_result,family_status,categorical,verheiratet,-1.2102596891599475,221
midas_result,current_employed,categorical,ja,-5.3694768469423835,369
midas_result,current_employed,categorical,nein,21.772933588150977,91
midas_result,working_hours_model,categorical,Teilzeit,1.6234294161123408,176
midas_result,working_hours_model,categorical,Vollzeit,-1.480433042672395,193
midas_result,shiftwork,categorical,ja,11.10394889663182,28
midas_result,shiftwork,categorical,nein,-0.9117611997234363,341
midas_result,working_hours_reduced,categorical,False,-7.708907741251327,328
midas_result,working_hours_reduced,categorical,True,19.15546772068511,132
midas_result,children,numeric,,0.0050501669581533345,218
midas_result,headache_days_per_month,numeric,,0.6019560631663523,460
midas_result,headache_days_severe_per_month,numeric,,0.6093090821913277,460
midas_result,days_medication,numeric,,0.3924881135298657,460
midas_result,intensity,numeric,,0.39566957540633163,460
midas_result,days_lost_work,numeric,,0.5403140268043887,460
midas_result,days_lost_household,numeric,,0.7425721329672008,460
midas_result,days_doctor,numeric,,0.4087615090536076,460
midas_result,days_ER,binary,,-0.011311602460752173,460
midas_result,days_hospital,numeric,,0.03228244108902471,460
gvas_result,gender,categorical,männlich,-2.288405797101447,48
gvas_result,gender,categorical,weiblich,0.2666103841283274,412
gvas_result,birthyear,numeric,,0.03029867842387436,460
gvas_result,weight,numeric,,-0.16222520839718857,460
gvas_result,pregnant,categorical,nein,-0.08982371603730854,407
gvas_result,highest_degree,categorical,Abitur oder fachgebundene Hochschulreife,2.6317819963257776,213
gvas_result,highest_degree,categorical,Fachhochschulreife,-4.327621483375957,68
gvas_result,highest_degree,categorical,Hauptschulabschluss,-1.5939613526570042,36
gvas_result,highest_degree,categorical,Mittlerer Schulabschluss (Realschulabschluss),-1.4586185630588986,141
gvas_result,family_status,categorical,geschieden,-5.746739130434783,40
gvas_result,family_status,categorical,ledig,1.3239130434782638,184
gvas_result,family_status,categorical,sonstiger,-12.160200668896323,13
gvas_result,family_status,categorical,verheiratet,0.6995278378910115,221
gvas_result,current_employed,categorical,ja,2.885035937315898,369
gvas_result,current_employed,categorical,nein,-11.698662207357863,91
gvas_result,working_hours_model,categorical,Teilzeit,-1.4726841586597743,176
gvas_result,working_hours_model,categorical,Vollzeit,1.3429658648918092,193
gvas_result,shiftwork,categorical,ja,-7.2924893534649655,28
gvas_result,shiftwork,categorical,nein,0.598796779756654,341
gvas_result,working_hours_reduced,categorical,False,1.7776511134676554,328
gvas_result,working_hours_reduced,categorical,True,-4.4171936758893295,132
gvas_result,children,numeric,,-0.05738185886777985,218
gvas_result,headache_days_per_month,numeric,,-0.40737936604002234,460
gvas_result,headache_days_severe_per_month,numeric,,-0.3521216311018667,460
gvas_result,days_medication,numeric,,-0.24761676793270304,460
gvas_result,intensity,numeric,,-0.19387248235539084,460
gvas_result,days_lost_work,numeric,,-0.23430331436790922,460
gvas_result,days_lost_household,numeric,,-0.3769956998079846,460
gvas_result,days_doctor,numeric,,-0.22531812283198058,460
gvas_result,days_ER,binary,,-0.05700696740540898,460
gvas_result,days_hospital,numeric,,-0.08339577652738306,460
pgic_result,gender,categorical,männlich,-0.05398550724637685,48
pgic_result,gender,categorical,weiblich,0.006289573659772341,412
pgic_result,birthyear,numeric,,-0.02157953789076128,460
pgic_result,weight,numeric,,0.050078101636740084,460
pgic_result,pregnant,categorical,nein,0.017837122206054268,407
pgic_result,highest_degree,categorical,Abitur oder fachgebundene Hochschulreife,0.08392529087568912,213
pgic_result,highest_degree,categorical,Fachhochschulreife,0.1396419437340155,68
pgic_result,highest_degree,categorical,Hauptschulabschluss,-0.20676328502415453,36
pgic_result,highest_degree,categorical,Mittlerer Schulabschluss (Realschulabschluss),-0.1222479185938945,141
pgic_result,family_status,categorical,geschieden,-0.020652173913043192,40
pgic_result,family_status,categorical,ledig,0.08913043478260896,184
pgic_result,family_status,categorical,sonstiger,0.15434782608695663,13
pgic_result,family_status,categorical,verheiratet,-0.06737163092661813,221
pgic_result,current_employed,categorical,ja,-0.06516436903499478,369
pgic_result,current_employed,categorical,nein,0.26423793597706613,91
pgic_result,working_hours_model,categorical,Teilzeit,0.04337583148558766,176
pgic_result,working_hours_model,categorical,Vollzeit,-0.039555162391001986,193
pgic_result,shiftwork,categorical,ja,0.005226480836237002,28
pgic_result,shiftwork,categorical,nein,-0.0004291538516554283,341
pgic_result,working_hours_reduced,categorical,False,-0.007237539766701939,328
pgic_result,working_hours_reduced,categorical,True,0.017984189723320387,132
pgic_result,children,numeric,,0.04426006087018759,218
pgic_result,headache_days_per_month,numeric,,0.2999748680327628,460
pgic_result,headache_days_severe_per_month,numeric,,0.2664505087848649,460
pgic_result,days_medication,numeric,,0.26443591174381476,460
pgic_result,intensity,numeric,,0.16523252679121694,460
pgic_result,days_lost_work,numeric,,0.1529625035385454,460
pgic_result,days_lost_household,numeric,,0.16914013613816686,460
pgic_result,days_doctor,numeric,,0.08993788685232078,460
pgic_result,days_ER,binary,,0.011173005092764341,460
pgic_result,days_hospital,numeric,,0.02348911319709775,460
dass_depression,gender,categorical,divers,4.432880194756231,14
dass_depression,gender,categorical,männlich,0.055597020690669297,1181
dass_depression,gender,categorical,weiblich,-0.02349529142057971,5436
dass_depression,birthyear,numeric,,-0.012894892555566865,6631
dass_depression,weight,numeric,,0.051840810323908075,6631
dass_depression,pregnant,categorical,ja,-2.0869855654362177,52
dass_depression,pregnant,categorical,nein,0.020137919725864428,5389
dass_depression,highest_degree,categorical,Abitur oder fachgebundene Hochschulreife,-0.37076431898378015,2932
dass_depression,highest_degree,categorical,Fachhochschulreife,-0.1924879937562869,776
dass_depression,highest_degree,categorical,Hauptschulabschluss,1.2203995346221417,554
dass_depression,highest_degree,categorical,Keine,0.9757373376133742,105
dass_depression,highest_degree,categorical,Mittlerer Schulabschluss (Realschulabschluss),0.2022517242867714,2264
dass_depression,family_status,categorical,geschieden,1.2813964128376671,414
dass_depression,family_status,categorical,ledig,0.17308206799438697,3142
dass_depression,family_status,categorical,sonstiger,0.1396471120494649,152
dass_depression,family_status,categorical,verheiratet,-0.36914925212001215,2872
dass_depression,family_status,categorical,verwitwet,-0.6931702254118361,51
dass_depression,current_employed,categorical,ja,-0.396019836404359,5043
dass_depression,current_employed,categorical,nein,1.2576373016292068,1588
dass_depression,working_hours_model,categorical,Teilzeit,-0.09427669650944548,2092
dass_depression,working_hours_model,categorical,Vollzeit,0.06683390345569595,2951
dass_depression,shiftwork,categorical,ja,0.14467577665224063,487
dass_depression,shiftwork,categorical,nein,-0.015451119129307855,4560
dass_depression,working_hours_reduced,categorical,False,-0.38649423077923917,5129
dass_depression,working_hours_reduced,categorical,True,1.3197928826010097,1502
dass_depression,children,numeric,,0.016821563356292122,3194
dass_depression,headache_days_per_month,numeric,,0.28727067105522325,6631
dass_depression,headache_days_severe_per_month,numeric,,0.2831879495719179,6631
dass_depression,days_medication,numeric,,0.1729027391195769,6631
dass_depression,intensity,numeric,,0.1840029508589595,6631
dass_depression,days_lost_work,numeric,,0.22265248384668798,6631
dass_depression,days_lost_household,numeric,,0.3316382223562743,6631
dass_depression,days_doctor,numeric,,0.22124828691997214,6631
dass_depression,days_ER,numeric,,0.07050445371570531,6631
dass_depression,days_hospital,numeric,,0.05539744516729008,6631
dass_fear,gender,categorical,divers,2.7948704138569926,14
dass_fear,gender,categorical,männlich,-0.3746590406004895,1181
dass_fear,gender,categorical,weiblich,0.07419870146342555,5436
dass_fear,birthyear,numeric,,0.0628061856326747,6631
dass_fear,weight,numeric,,0.02326329006679865,6631
dass_fear,pregnant,categorical,ja,-0.42409483550817884,52
dass_fear,pregnant,categorical,nein,0.004092212181559418,5389
dass_fear,highest_degree,categorical,Abitur oder fachgebundene Hochschulreife,-0.4046033729292091,2932
dass_fear,highest_degree,categorical,Fachhochschulreife,0.005106054505004121,776
dass_fear,highest_degree,categorical,Hauptschulabschluss,0.9715078558373946,554
dass_fear,highest_degree,categorical,Keine,0.9710608900474682,105
dass_fear,highest_degree,categorical,Mittlerer Schulabschluss (Realschulabschluss),0.23946910138854172,2264
dass_fear,family_status,categorical,geschieden,0.8283417734153087,414
dass_fear,family_status,categorical,ledig,0.19466126590755106,3142
dass_fear,family_status,categorical,sonstiger,0.39543432363142816,152
dass_fear,family_status,categorical,verheiratet,-0.33440734181352116,2872
dass_fear,family_status,categorical,verwitwet,-1.0636730035099546,51
dass_fear,current_employed,categorical,ja,-0.329247883075106,5043
dass_fear,current_employed,categorical,nein,1.0455900971963228,1588
dass_fear,working_hours_model,categorical,Teilzeit,-0.057935786651622134,2092
dass_fear,working_hours_model,categorical,Vollzeit,0.04107138789399967,2951
dass_fear,shiftwork,categorical,ja,0.2551510666266865,487
dass_fear,shiftwork,categorical,nein,-0.027249686282280194,4560
dass_fear,working_hours_reduced,categorical,False,-0.2689264833382281,5129
dass_fear,working_hours_reduced,categorical,True,0.9183248555537773,1502
dass_fear,children,numeric,,0.004069108938055322,3194
dass_fear,headache_days_per_month,numeric,,0.2096402856957781,6631
dass_fear,headache_days_severe_per_month,numeric,,0.2141122729132677,6631
dass_fear,days_medication,numeric,,0.11726227590951309,6631
dass_fear,intensity,numeric,,0.17094868901186483,6631
dass_fear,days_lost_work,numeric,,0.17817247575262415,6631
dass_fear,days_lost_household,numeric,,0.25981674048160946,6631
dass_fear,days_doctor,numeric,,0.1614317049712194,6631
dass_fear,days_ER,numeric,,0.075127768286542,6631
dass_fear,days_hospital,numeric,,0.051501683612719326,6631
dass_stress,gender,categorical,divers,3.9314690738307094,14
dass_stress,gender,categorical,männlich,-0.5405280230605456,1181
dass_stress,gender,categorical,weiblich,0.10730740033128683,5436
dass_stress,birthyear,numeric,,-0.014699743672340322,6631
dass_stress,weight,numeric,,0.02960175291310457,6631
dass_stress,pregnant,categorical,ja,-1.2715776228917193,52
dass_stress,pregnant,categorical,nein,0.012269815622633296,5389
dass_stress,highest_degree,categorical,Abitur oder fachgebundene Hochschulreife,-0.16938845881399978,2932
dass_stress,highest_degree,categorical,Fachhochschulreife,-0.11713180982172133,776
dass_stress,highest_degree,categorical,Hauptschulabschluss,0.8695815029178666,554
dass_stress,highest_degree,categorical,Keine,0.3981357404973753,105
dass_stress,highest_degree,categorical,Mittlerer Schulabschluss (Realschulabschluss),0.02826362203868449,2264
dass_stress,family_status,categorical,geschieden,0.9331944016429938,414
dass_stress,family_status,categorical,ledig,-0.056345784767090734,3142
dass_stress,family_status,categorical,sonstiger,0.5799653144322123,152
dass_stress,family_status,categorical,verheiratet,-0.08265746815098662,2872
dass_stress,family_status,categorical,verwitwet,-1.1777746236482827,51
dass_stress,current_employed,categorical,ja,-0.2767119975270429,5043
dass_stress,current_employed,categorical,nein,0.8787522692247345,1588
dass_stress,working_hours_model,categorical,Teilzeit,0.08307864032797863,2092
dass_stress,working_hours_model,categorical,Vollzeit,-0.05889546444125138,2951
dass_stress,shiftwork,categorical,ja,0.18802761231284304,487
dass_stress,shiftwork,categorical,nein,-0.020081019122007326,4560
dass_stress,working_hours_reduced,categorical,False,-0.39635868429535304,5129
dass_stress,working_hours_reduced,categorical,True,1.353477824068487,1502
dass_stress,children,numeric,,0.009580434958951995,3194
dass_stress,headache_days_per_month,numeric,,0.24519462573267373,6631
dass_stress,headache_days_severe_per_month,numeric,,0.26273528624297987,6631
dass_stress,days_medication,numeric,,0.18698209761147463,6631
dass_stress,intensity,numeric,,0.20455260510839898,6631
dass_stress,days_lost_work,numeric,,0.21929118636362552,6631
dass_stress,days_lost_household,numeric,,0.3096935010486077,6631
dass_stress,days_doctor,numeric,,0.19773491401569676,6631
dass_stress,days_ER,numeric,,0.06281592143154285,6631
dass_stress,days_hospital,numeric,,0.047805419000015115,6631
midas_result,gender,categorical,divers,-3.853329599069305,14
midas_result,gender,categorical,männlich,-1.4023800405837576,1181
midas_result,gender,categorical,weiblich,0.31459849932237205,5436
midas_result,birthyear,numeric,,0.00872244715793125,6631
midas_result,weight,numeric,,0.011521632417618125,6631
midas_result,pregnant,categorical,ja,-5.768202253545027,52
midas_result,pregnant,categorical,nein,0.05565903083769541,5389
midas_result,highest_degree,categorical,Abitur oder fachgebundene Hochschulreife,-1.9586209652747186,2932
midas_result,highest_degree,categorical,Fachhochschulreife,2.306832403876207,776
midas_result,highest_degree,categorical,Hauptschulabschluss,5.638934454566588,554
midas_result,highest_degree,categorical,Keine,-5.453329599069306,105
midas_result,highest_degree,categorical,Mittlerer Schulabschluss (Realschulabschluss),0.618906645251748,2264
midas_result,family_status,categorical,geschieden,8.14114935193139,414
midas_result,family_status,categorical,ledig,1.3733685913462637,3142
midas_result,family_status,categorical,sonstiger,-2.152201779520432,152
midas_result,family_status,categorical,verheiratet,-2.621286224616462,2872
midas_result,family_status,categorical,verwitwet,3.3315443505105264,51
midas_result,current_employed,categorical,ja,-4.605234644252157,5043
midas_result,current_employed,categorical,nein,14.624810019498526,1588
midas_result,working_hours_model,categorical,Teilzeit,1.0507987900613003,2092
midas_result,working_hours_model,categorical,Vollzeit,-0.744924116844544,2951
midas_result,shiftwork,categorical,ja,2.1562637694379205,487
midas_result,shiftwork,categorical,nein,-0.23028518765707418,4560
midas_result,working_hours_reduced,categorical,False,-6.720638737581403,5129
midas_result,working_hours_reduced,categorical,True,22.949504717080586,1502
midas_result,children,numeric,,-0.02139984544456581,3194
midas_result,headache_days_per_month,numeric,,0.5551022667027674,6631
midas_result,headache_days_severe_per_month,numeric,,0.5866670885663046,6631
midas_result,days_medication,numeric,,0.3961758522734749,6631
midas_result,intensity,numeric,,0.3375015751249109,6631
midas_result,days_lost_work,numeric,,0.522431879221932,6631
midas_result,days_lost_household,numeric,,0.7132647369915789,6631
midas_result,days_doctor,numeric,,0.42416881743609636,6631
midas_result,days_ER,numeric,,0.12960680506966404,6631
midas_result,days_hospital,numeric,,0.11350570465646886,6631
gvas_result,gender,categorical,divers,-7.142275459422194,14
gvas_result,gender,categorical,männlich,0.9276410762013683,1181
gvas_result,gender,categorical,weiblich,-0.18314059134692684,5436
gvas_result,birthyear,numeric,,0.07218000834803823,6631
gvas_result,weight,numeric,,-0.08237706746188118,6631
gvas_result,pregnant,categorical,ja,2.556151301372772,52
gvas_result,pregnant,categorical,nein,-0.024665033897079525,5389
gvas_result,highest_degree,categorical,Abitur oder fachgebundene Hochschulreife,2.042337676418775,2932
gvas_result,highest_degree,categorical,Fachhochschulreife,0.5784535538325954,776
gvas_result,highest_degree,categorical,Hauptschulabschluss,-7.095859781237564,554
gvas_result,highest_degree,categorical,Keine,1.5148673977206641,105
gvas_result,highest_degree,categorical,Mittlerer Schulabschluss (Realschulabschluss),-1.1771063529103287,2264
gvas_result,family_status,categorical,geschieden,-5.4883762185664295,414
gvas_result,family_status,categorical,ledig,0.5860140740869468,3142
gvas_result,family_status,categorical,sonstiger,-0.6385160609259515,152
gvas_result,family_status,categorical,verheiratet,0.2589879707409608,2872
gvas_result,family_status,categorical,verwitwet,-4.231911313763931,51
gvas_result,current_employed,categorical,ja,2.1097853887124174,5043
gvas_result,current_employed,categorical,nein,-6.70003004740348,1588
gvas_result,working_hours_model,categorical,Teilzeit,-1.1161690153020487,2092
gvas_result,working_hours_model,categorical,Vollzeit,0.7912658692009202,2951
gvas_result,shiftwork,categorical,ja,0.17112408249518296,487
gvas_result,shiftwork,categorical,nein,-0.018275751792792505,4560
gvas_result,working_hours_reduced,categorical,False,2.3826945987902093,5129
gvas_result,working_hours_reduced,categorical,True,-8.136378560049927,1502
gvas_result,children,numeric,,-0.007518002830499299,3194
gvas_result,headache_days_per_month,numeric,,-0.40871756323154607,6631
gvas_result,headache_days_severe_per_month,numeric,,-0.40119944256816253,6631
gvas_result,days_medication,numeric,,-0.2691784093750151,6631
gvas_result,intensity,numeric,,-0.21273383574864255,6631
gvas_result,days_lost_work,numeric,,-0.2534518078863198,6631
gvas_result,days_lost_household,numeric,,-0.39274198386584885,6631
gvas_result,days_doctor,numeric,,-0.27298511265271486,6631
gvas_result,days_ER,numeric,,-0.09875154812689681,6631
gvas_result,days_hospital,numeric,,-0.09730535092935705,6631
pgic_result,gender,categorical,männlich,-0.05557467739714861,436
pgic_result,gender,categorical,weiblich,0.010345885588739723,2490
pgic_result,birthyear,numeric,,-0.05606888273067994,2932
pgic_result,weight,numeric,,0.037203789714003184,2932
pgic_result,pregnant,categorical,ja,-0.41252067091896993,34
pgic_result,pregnant,categorical,nein,0.0057107910469236245,2456
pgic_result,highest_degree,categorical,Abitur oder fachgebundene Hochschulreife,-0.05639319696235123,1331
pgic_result,highest_degree,categorical,Fachhochschulreife,-0.047991951246728615,379
pgic_result,highest_degree,categorical,Hauptschulabschluss,0.14442741719461516,219
pgic_result,highest_degree,categorical,Keine,-0.051412258097114805,27
pgic_result,highest_degree,categorical,Mittlerer Schulabschluss (Realschulabschluss),0.06455616934672248,976
pgic_result,family_status,categorical,geschieden,0.1738457868330614,183
pgic_result,family_status,categorical,ledig,-0.052699043371815524,1324
pgic_result,family_status,categorical,sonstiger,0.11280856650106807,53
pgic_result,family_status,categorical,verheiratet,0.01879063567879591,1349
pgic_result,family_status,categorical,verwitwet,0.2883622990687469,23
pgic_result,current_employed,categorical,ja,-0.05927157630126079,2262
pgic_result,current_employed,categorical,nein,0.2001079187961965,670
pgic_result,working_hours_model,categorical,Teilzeit,0.07078917954512942,1007
pgic_result,working_hours_model,categorical,Vollzeit,-0.056800560798362376,1255
pgic_result,shiftwork,categorical,ja,-0.016821403297527127,209
pgic_result,shiftwork,categorical,nein,0.0017099578254784475,2056
pgic_result,working_hours_reduced,categorical,False,-0.07165283765972807,2183
pgic_result,working_hours_reduced,categorical,True,0.20883597411373422,749
pgic_result,children,numeric,,0.026621068320885365,1449
pgic_result,headache_days_per_month,numeric,,0.3412570263502985,2932
pgic_result,headache_days_severe_per_month,numeric,,0.33543995292986045,2932
pgic_result,days_medication,numeric,,0.3117078914214838,2932
pgic_result,intensity,numeric,,0.24129637478761487,2932
pgic_result,days_lost_work,numeric,,0.18994982076849226,2932
pgic_result,days_lost_household,numeric,,0.28305037865567995,2932
pgic_result,days_doctor,numeric,,0.17529389319971106,2932
pgic_result,days_ER,numeric,,0.06934694244684239,2932
pgic_result,days_hospital,numeric,,0.05664409717902812,2932
chiq_result,gender,categorical,männlich,-0.5351616362800673,61
chiq_result,gender,categorical,weiblich,0.7096708655018276,46
chiq_result,birthyear,numeric,,0.054356915366485306,107
chiq_result,weight,numeric,,-0.0004394053392004066,107
chiq_result,pregnant,categorical,nein,-0.04009661835748801,45
chiq_result,highest_degree,categorical,Abitur oder fachgebundene Hochschulreife,0.254759432329525,27
chiq_result,highest_degree,categorical,Fachhochschulreife,-0.7359813084112155,12
chiq_result,highest_degree,categorical,Hauptschulabschluss,7.647352024922117,15
chiq_result,highest_degree,categorical,Mittlerer Schulabschluss (Realschulabschluss),-2.265981308411215,50
chiq_result,family_status,categorical,ledig,1.5854472630173575,42
chiq_result,family_status,categorical,verheiratet,-1.2790847566870767,58
chiq_result,current_employed,categorical,ja,-1.4988018212317282,78
chiq_result,current_employed,categorical,nein,4.03126007089913,29
chiq_result,working_hours_model,categorical,Teilzeit,0.012820512820512775,16
chiq_result,working_hours_model,categorical,Vollzeit,-0.0033085194375512827,62
chiq_result,shiftwork,categorical,ja,1.467365967365966,11
chiq_result,shiftwork,categorical,nein,-0.2409108304630685,67
chiq_result,working_hours_reduced,categorical,False,-2.115610938040845,81
chiq_result,working_hours_reduced,categorical,True,6.590941768511861,26
chiq_result,children,numeric,,-0.09928152280848371,61
chiq_result,headache_days_per_month,numeric,,0.474123998544875,107
chiq_result,headache_days_severe_per_month,numeric,,0.5102127142797553,107
chiq_result,days_medication,numeric,,0.44238521761133126,107
chiq_result,intensity,numeric,,0.3773025548433239,107
chiq_result,days_lost_work,numeric,,0.3586832856902961,107
chiq_result,days_lost_household,numeric,,0.5423676647877771,107
chiq_result,days_doctor,numeric,,0.3913414368761814,107
chiq_result,days_ER,numeric,,0.1998743658130773,107
chiq_result,days_hospital,numeric,,0.16232666951245897,107
